reference;gamme;entrepot;ville;taille;quantite
TS-150-BLA;T-shirts;LIL;Lille;XS;37
TS-150-BLA;T-shirts;LIL;Lille;S;98
TS-150-BLA;T-shirts;LIL;Lille;M;172
TS-150-BLA;T-shirts;LIL;Lille;L;160
TS-150-BLA;T-shirts;LIL;Lille;XL;98
TS-150-BLA;T-shirts;LIL;Lille;XXL;49
TS-150-BLA;T-shirts;LYO;Lyon;XS;32
TS-150-BLA;T-shirts;LYO;Lyon;S;87
TS-150-BLA;T-shirts;LYO;Lyon;M;152
TS-150-BLA;T-shirts;LYO;Lyon;L;141
TS-150-BLA;T-shirts;LYO;Lyon;XL;87
TS-150-BLA;T-shirts;LYO;Lyon;XXL;43
TS-150-BLA;T-shirts;BCN;Barcelone;XS;21
TS-150-BLA;T-shirts;BCN;Barcelone;S;58
TS-150-BLA;T-shirts;BCN;Barcelone;M;101
TS-150-BLA;T-shirts;BCN;Barcelone;L;94
TS-150-BLA;T-shirts;BCN;Barcelone;XL;58
TS-150-BLA;T-shirts;BCN;Barcelone;XXL;29
TS-150-BLA;T-shirts;MIL;Milan;XS;17
TS-150-BLA;T-shirts;MIL;Milan;S;46
TS-150-BLA;T-shirts;MIL;Milan;M;81
TS-150-BLA;T-shirts;MIL;Milan;L;75
TS-150-BLA;T-shirts;MIL;Milan;XL;46
TS-150-BLA;T-shirts;MIL;Milan;XXL;23
TS-150-NOI;T-shirts;LIL;Lille;XS;65
TS-150-NOI;T-shirts;LIL;Lille;S;175
TS-150-NOI;T-shirts;LIL;Lille;M;306
TS-150-NOI;T-shirts;LIL;Lille;L;284
TS-150-NOI;T-shirts;LIL;Lille;XL;175
TS-150-NOI;T-shirts;LIL;Lille;XXL;87
TS-150-NOI;T-shirts;LYO;Lyon;XS;57
TS-150-NOI;T-shirts;LYO;Lyon;S;154
TS-150-NOI;T-shirts;LYO;Lyon;M;270
TS-150-NOI;T-shirts;LYO;Lyon;L;251
TS-150-NOI;T-shirts;LYO;Lyon;XL;154
TS-150-NOI;T-shirts;LYO;Lyon;XXL;77
TS-150-NOI;T-shirts;BCN;Barcelone;XS;38
TS-150-NOI;T-shirts;BCN;Barcelone;S;103
TS-150-NOI;T-shirts;BCN;Barcelone;M;180
TS-150-NOI;T-shirts;BCN;Barcelone;L;167
TS-150-NOI;T-shirts;BCN;Barcelone;XL;103
TS-150-NOI;T-shirts;BCN;Barcelone;XXL;51
TS-150-NOI;T-shirts;MIL;Milan;XS;30
TS-150-NOI;T-shirts;MIL;Milan;S;82
TS-150-NOI;T-shirts;MIL;Milan;M;144
TS-150-NOI;T-shirts;MIL;Milan;L;133
TS-150-NOI;T-shirts;MIL;Milan;XL;82
TS-150-NOI;T-shirts;MIL;Milan;XXL;41
TS-150-MAR;T-shirts;LIL;Lille;XS;39
TS-150-MAR;T-shirts;LIL;Lille;S;104
TS-150-MAR;T-shirts;LIL;Lille;M;183
TS-150-MAR;T-shirts;LIL;Lille;L;170
TS-150-MAR;T-shirts;LIL;Lille;XL;104
TS-150-MAR;T-shirts;LIL;Lille;XXL;52
TS-150-MAR;T-shirts;LYO;Lyon;XS;34
TS-150-MAR;T-shirts;LYO;Lyon;S;92
TS-150-MAR;T-shirts;LYO;Lyon;M;161
TS-150-MAR;T-shirts;LYO;Lyon;L;150
TS-150-MAR;T-shirts;LYO;Lyon;XL;92
TS-150-MAR;T-shirts;LYO;Lyon;XXL;46
TS-150-MAR;T-shirts;BCN;Barcelone;XS;23
TS-150-MAR;T-shirts;BCN;Barcelone;S;61
TS-150-MAR;T-shirts;BCN;Barcelone;M;107
TS-150-MAR;T-shirts;BCN;Barcelone;L;100
TS-150-MAR;T-shirts;BCN;Barcelone;XL;61
TS-150-MAR;T-shirts;BCN;Barcelone;XXL;30
TS-150-MAR;T-shirts;MIL;Milan;XS;18
TS-150-MAR;T-shirts;MIL;Milan;S;49
TS-150-MAR;T-shirts;MIL;Milan;M;86
TS-150-MAR;T-shirts;MIL;Milan;L;80
TS-150-MAR;T-shirts;MIL;Milan;XL;49
TS-150-MAR;T-shirts;MIL;Milan;XXL;24
TS-150-GRI;T-shirts;LIL;Lille;XS;22
TS-150-GRI;T-shirts;LIL;Lille;S;59
TS-150-GRI;T-shirts;LIL;Lille;M;104
TS-150-GRI;T-shirts;LIL;Lille;L;96
TS-150-GRI;T-shirts;LIL;Lille;XL;59
TS-150-GRI;T-shirts;LIL;Lille;XXL;29
TS-150-GRI;T-shirts;LYO;Lyon;XS;19
TS-150-GRI;T-shirts;LYO;Lyon;S;52
TS-150-GRI;T-shirts;LYO;Lyon;M;91
TS-150-GRI;T-shirts;LYO;Lyon;L;85
TS-150-GRI;T-shirts;LYO;Lyon;XL;52
TS-150-GRI;T-shirts;LYO;Lyon;XXL;26
TS-150-GRI;T-shirts;BCN;Barcelone;XS;13
TS-150-GRI;T-shirts;BCN;Barcelone;S;34
TS-150-GRI;T-shirts;BCN;Barcelone;M;61
TS-150-GRI;T-shirts;BCN;Barcelone;L;56
TS-150-GRI;T-shirts;BCN;Barcelone;XL;34
TS-150-GRI;T-shirts;BCN;Barcelone;XXL;17
TS-150-GRI;T-shirts;MIL;Milan;XS;10
TS-150-GRI;T-shirts;MIL;Milan;S;27
TS-150-GRI;T-shirts;MIL;Milan;M;48
TS-150-GRI;T-shirts;MIL;Milan;L;45
TS-150-GRI;T-shirts;MIL;Milan;XL;27
TS-150-GRI;T-shirts;MIL;Milan;XXL;13
TS-150-ROU;T-shirts;LIL;Lille;XS;33
TS-150-ROU;T-shirts;LIL;Lille;S;90
TS-150-ROU;T-shirts;LIL;Lille;M;158
TS-150-ROU;T-shirts;LIL;Lille;L;146
TS-150-ROU;T-shirts;LIL;Lille;XL;90
TS-150-ROU;T-shirts;LIL;Lille;XXL;45
TS-150-ROU;T-shirts;LYO;Lyon;XS;29
TS-150-ROU;T-shirts;LYO;Lyon;S;79
TS-150-ROU;T-shirts;LYO;Lyon;M;139
TS-150-ROU;T-shirts;LYO;Lyon;L;129
TS-150-ROU;T-shirts;LYO;Lyon;XL;79
TS-150-ROU;T-shirts;LYO;Lyon;XXL;39
TS-150-ROU;T-shirts;BCN;Barcelone;XS;19
TS-150-ROU;T-shirts;BCN;Barcelone;S;53
TS-150-ROU;T-shirts;BCN;Barcelone;M;93
TS-150-ROU;T-shirts;BCN;Barcelone;L;86
TS-150-ROU;T-shirts;BCN;Barcelone;XL;53
TS-150-ROU;T-shirts;BCN;Barcelone;XXL;26
TS-150-ROU;T-shirts;MIL;Milan;XS;15
TS-150-ROU;T-shirts;MIL;Milan;S;42
TS-150-ROU;T-shirts;MIL;Milan;M;74
TS-150-ROU;T-shirts;MIL;Milan;L;69
TS-150-ROU;T-shirts;MIL;Milan;XL;42
TS-150-ROU;T-shirts;MIL;Milan;XXL;21
TS-150-VER;T-shirts;LIL;Lille;XS;32
TS-150-VER;T-shirts;LIL;Lille;S;87
TS-150-VER;T-shirts;LIL;Lille;M;153
TS-150-VER;T-shirts;LIL;Lille;L;142
TS-150-VER;T-shirts;LIL;Lille;XL;87
TS-150-VER;T-shirts;LIL;Lille;XXL;43
TS-150-VER;T-shirts;LYO;Lyon;XS;29
TS-150-VER;T-shirts;LYO;Lyon;S;77
TS-150-VER;T-shirts;LYO;Lyon;M;135
TS-150-VER;T-shirts;LYO;Lyon;L;125
TS-150-VER;T-shirts;LYO;Lyon;XL;77
TS-150-VER;T-shirts;LYO;Lyon;XXL;38
TS-150-VER;T-shirts;BCN;Barcelone;XS;19
TS-150-VER;T-shirts;BCN;Barcelone;S;51
TS-150-VER;T-shirts;BCN;Barcelone;M;90
TS-150-VER;T-shirts;BCN;Barcelone;L;83
TS-150-VER;T-shirts;BCN;Barcelone;XL;51
TS-150-VER;T-shirts;BCN;Barcelone;XXL;25
TS-150-VER;T-shirts;MIL;Milan;XS;15
TS-150-VER;T-shirts;MIL;Milan;S;41
TS-150-VER;T-shirts;MIL;Milan;M;72
TS-150-VER;T-shirts;MIL;Milan;L;67
TS-150-VER;T-shirts;MIL;Milan;XL;41
TS-150-VER;T-shirts;MIL;Milan;XXL;20
TS-150-BLE;T-shirts;LIL;Lille;XS;24
TS-150-BLE;T-shirts;LIL;Lille;S;64
TS-150-BLE;T-shirts;LIL;Lille;M;113
TS-150-BLE;T-shirts;LIL;Lille;L;105
TS-150-BLE;T-shirts;LIL;Lille;XL;64
TS-150-BLE;T-shirts;LIL;Lille;XXL;32
TS-150-BLE;T-shirts;LYO;Lyon;XS;21
TS-150-BLE;T-shirts;LYO;Lyon;S;57
TS-150-BLE;T-shirts;LYO;Lyon;M;100
TS-150-BLE;T-shirts;LYO;Lyon;L;93
TS-150-BLE;T-shirts;LYO;Lyon;XL;57
TS-150-BLE;T-shirts;LYO;Lyon;XXL;28
TS-150-BLE;T-shirts;BCN;Barcelone;XS;14
TS-150-BLE;T-shirts;BCN;Barcelone;S;38
TS-150-BLE;T-shirts;BCN;Barcelone;M;66
TS-150-BLE;T-shirts;BCN;Barcelone;L;62
TS-150-BLE;T-shirts;BCN;Barcelone;XL;38
TS-150-BLE;T-shirts;BCN;Barcelone;XXL;19
TS-150-BLE;T-shirts;MIL;Milan;XS;11
TS-150-BLE;T-shirts;MIL;Milan;S;30
TS-150-BLE;T-shirts;MIL;Milan;M;53
TS-150-BLE;T-shirts;MIL;Milan;L;49
TS-150-BLE;T-shirts;MIL;Milan;XL;30
TS-150-BLE;T-shirts;MIL;Milan;XXL;15
TS-150-SAB;T-shirts;LIL;Lille;XS;22
TS-150-SAB;T-shirts;LIL;Lille;S;60
TS-150-SAB;T-shirts;LIL;Lille;M;106
TS-150-SAB;T-shirts;LIL;Lille;L;98
TS-150-SAB;T-shirts;LIL;Lille;XL;60
TS-150-SAB;T-shirts;LIL;Lille;XXL;30
TS-150-SAB;T-shirts;LYO;Lyon;XS;20
TS-150-SAB;T-shirts;LYO;Lyon;S;53
TS-150-SAB;T-shirts;LYO;Lyon;M;93
TS-150-SAB;T-shirts;LYO;Lyon;L;87
TS-150-SAB;T-shirts;LYO;Lyon;XL;53
TS-150-SAB;T-shirts;LYO;Lyon;XXL;26
TS-150-SAB;T-shirts;BCN;Barcelone;XS;13
TS-150-SAB;T-shirts;BCN;Barcelone;S;35
TS-150-SAB;T-shirts;BCN;Barcelone;M;62
TS-150-SAB;T-shirts;BCN;Barcelone;L;58
TS-150-SAB;T-shirts;BCN;Barcelone;XL;35
TS-150-SAB;T-shirts;BCN;Barcelone;XXL;17
TS-150-SAB;T-shirts;MIL;Milan;XS;10
TS-150-SAB;T-shirts;MIL;Milan;S;28
TS-150-SAB;T-shirts;MIL;Milan;M;50
TS-150-SAB;T-shirts;MIL;Milan;L;46
TS-150-SAB;T-shirts;MIL;Milan;XL;28
TS-150-SAB;T-shirts;MIL;Milan;XXL;14
TS-165-BLA;T-shirts;LIL;Lille;XS;77
TS-165-BLA;T-shirts;LIL;Lille;S;206
TS-165-BLA;T-shirts;LIL;Lille;M;361
TS-165-BLA;T-shirts;LIL;Lille;L;150
TS-165-BLA;T-shirts;LIL;Lille;XL;92
TS-165-BLA;T-shirts;LIL;Lille;XXL;103
TS-165-BLA;T-shirts;LYO;Lyon;XS;68
TS-165-BLA;T-shirts;LYO;Lyon;S;182
TS-165-BLA;T-shirts;LYO;Lyon;M;319
TS-165-BLA;T-shirts;LYO;Lyon;L;133
TS-165-BLA;T-shirts;LYO;Lyon;XL;81
TS-165-BLA;T-shirts;LYO;Lyon;XXL;91
TS-165-BLA;T-shirts;BCN;Barcelone;XS;45
TS-165-BLA;T-shirts;BCN;Barcelone;S;121
TS-165-BLA;T-shirts;BCN;Barcelone;M;212
TS-165-BLA;T-shirts;BCN;Barcelone;L;88
TS-165-BLA;T-shirts;BCN;Barcelone;XL;54
TS-165-BLA;T-shirts;BCN;Barcelone;XXL;60
TS-165-BLA;T-shirts;MIL;Milan;XS;36
TS-165-BLA;T-shirts;MIL;Milan;S;97
TS-165-BLA;T-shirts;MIL;Milan;M;170
TS-165-BLA;T-shirts;MIL;Milan;L;71
TS-165-BLA;T-shirts;MIL;Milan;XL;43
TS-165-BLA;T-shirts;MIL;Milan;XXL;48
TS-165-NOI;T-shirts;LIL;Lille;XS;60
TS-165-NOI;T-shirts;LIL;Lille;S;160
TS-165-NOI;T-shirts;LIL;Lille;M;280
TS-165-NOI;T-shirts;LIL;Lille;L;260
TS-165-NOI;T-shirts;LIL;Lille;XL;160
TS-165-NOI;T-shirts;LIL;Lille;XXL;80
TS-165-NOI;T-shirts;LYO;Lyon;XS;52
TS-165-NOI;T-shirts;LYO;Lyon;S;141
TS-165-NOI;T-shirts;LYO;Lyon;M;247
TS-165-NOI;T-shirts;LYO;Lyon;L;229
TS-165-NOI;T-shirts;LYO;Lyon;XL;141
TS-165-NOI;T-shirts;LYO;Lyon;XXL;70
TS-165-NOI;T-shirts;BCN;Barcelone;XS;35
TS-165-NOI;T-shirts;BCN;Barcelone;S;94
TS-165-NOI;T-shirts;BCN;Barcelone;M;164
TS-165-NOI;T-shirts;BCN;Barcelone;L;153
TS-165-NOI;T-shirts;BCN;Barcelone;XL;94
TS-165-NOI;T-shirts;BCN;Barcelone;XXL;47
TS-165-NOI;T-shirts;MIL;Milan;XS;28
TS-165-NOI;T-shirts;MIL;Milan;S;75
TS-165-NOI;T-shirts;MIL;Milan;M;131
TS-165-NOI;T-shirts;MIL;Milan;L;122
TS-165-NOI;T-shirts;MIL;Milan;XL;75
TS-165-NOI;T-shirts;MIL;Milan;XXL;37
TS-165-MAR;T-shirts;LIL;Lille;XS;51
TS-165-MAR;T-shirts;LIL;Lille;S;137
TS-165-MAR;T-shirts;LIL;Lille;M;241
TS-165-MAR;T-shirts;LIL;Lille;L;223
TS-165-MAR;T-shirts;LIL;Lille;XL;137
TS-165-MAR;T-shirts;LIL;Lille;XXL;68
TS-165-MAR;T-shirts;LYO;Lyon;XS;45
TS-165-MAR;T-shirts;LYO;Lyon;S;121
TS-165-MAR;T-shirts;LYO;Lyon;M;212
TS-165-MAR;T-shirts;LYO;Lyon;L;197
TS-165-MAR;T-shirts;LYO;Lyon;XL;121
TS-165-MAR;T-shirts;LYO;Lyon;XXL;60
TS-165-MAR;T-shirts;BCN;Barcelone;XS;30
TS-165-MAR;T-shirts;BCN;Barcelone;S;81
TS-165-MAR;T-shirts;BCN;Barcelone;M;141
TS-165-MAR;T-shirts;BCN;Barcelone;L;131
TS-165-MAR;T-shirts;BCN;Barcelone;XL;81
TS-165-MAR;T-shirts;BCN;Barcelone;XXL;40
TS-165-MAR;T-shirts;MIL;Milan;XS;24
TS-165-MAR;T-shirts;MIL;Milan;S;64
TS-165-MAR;T-shirts;MIL;Milan;M;113
TS-165-MAR;T-shirts;MIL;Milan;L;105
TS-165-MAR;T-shirts;MIL;Milan;XL;64
TS-165-MAR;T-shirts;MIL;Milan;XXL;32
TS-165-GRI;T-shirts;LIL;Lille;XS;32
TS-165-GRI;T-shirts;LIL;Lille;S;85
TS-165-GRI;T-shirts;LIL;Lille;M;150
TS-165-GRI;T-shirts;LIL;Lille;L;139
TS-165-GRI;T-shirts;LIL;Lille;XL;85
TS-165-GRI;T-shirts;LIL;Lille;XXL;42
TS-165-GRI;T-shirts;LYO;Lyon;XS;28
TS-165-GRI;T-shirts;LYO;Lyon;S;75
TS-165-GRI;T-shirts;LYO;Lyon;M;132
TS-165-GRI;T-shirts;LYO;Lyon;L;123
TS-165-GRI;T-shirts;LYO;Lyon;XL;75
TS-165-GRI;T-shirts;LYO;Lyon;XXL;37
TS-165-GRI;T-shirts;BCN;Barcelone;XS;18
TS-165-GRI;T-shirts;BCN;Barcelone;S;50
TS-165-GRI;T-shirts;BCN;Barcelone;M;88
TS-165-GRI;T-shirts;BCN;Barcelone;L;82
TS-165-GRI;T-shirts;BCN;Barcelone;XL;50
TS-165-GRI;T-shirts;BCN;Barcelone;XXL;25
TS-165-GRI;T-shirts;MIL;Milan;XS;15
TS-165-GRI;T-shirts;MIL;Milan;S;40
TS-165-GRI;T-shirts;MIL;Milan;M;70
TS-165-GRI;T-shirts;MIL;Milan;L;65
TS-165-GRI;T-shirts;MIL;Milan;XL;40
TS-165-GRI;T-shirts;MIL;Milan;XXL;20
TS-165-ROU;T-shirts;LIL;Lille;XS;35
TS-165-ROU;T-shirts;LIL;Lille;S;93
TS-165-ROU;T-shirts;LIL;Lille;M;164
TS-165-ROU;T-shirts;LIL;Lille;L;152
TS-165-ROU;T-shirts;LIL;Lille;XL;93
TS-165-ROU;T-shirts;LIL;Lille;XXL;46
TS-165-ROU;T-shirts;LYO;Lyon;XS;31
TS-165-ROU;T-shirts;LYO;Lyon;S;82
TS-165-ROU;T-shirts;LYO;Lyon;M;145
TS-165-ROU;T-shirts;LYO;Lyon;L;134
TS-165-ROU;T-shirts;LYO;Lyon;XL;82
TS-165-ROU;T-shirts;LYO;Lyon;XXL;41
TS-165-ROU;T-shirts;BCN;Barcelone;XS;20
TS-165-ROU;T-shirts;BCN;Barcelone;S;55
TS-165-ROU;T-shirts;BCN;Barcelone;M;96
TS-165-ROU;T-shirts;BCN;Barcelone;L;89
TS-165-ROU;T-shirts;BCN;Barcelone;XL;55
TS-165-ROU;T-shirts;BCN;Barcelone;XXL;27
TS-165-ROU;T-shirts;MIL;Milan;XS;16
TS-165-ROU;T-shirts;MIL;Milan;S;44
TS-165-ROU;T-shirts;MIL;Milan;M;77
TS-165-ROU;T-shirts;MIL;Milan;L;71
TS-165-ROU;T-shirts;MIL;Milan;XL;44
TS-165-ROU;T-shirts;MIL;Milan;XXL;22
TS-165-VER;T-shirts;LIL;Lille;XS;25
TS-165-VER;T-shirts;LIL;Lille;S;68
TS-165-VER;T-shirts;LIL;Lille;M;119
TS-165-VER;T-shirts;LIL;Lille;L;110
TS-165-VER;T-shirts;LIL;Lille;XL;68
TS-165-VER;T-shirts;LIL;Lille;XXL;34
TS-165-VER;T-shirts;LYO;Lyon;XS;22
TS-165-VER;T-shirts;LYO;Lyon;S;60
TS-165-VER;T-shirts;LYO;Lyon;M;105
TS-165-VER;T-shirts;LYO;Lyon;L;97
TS-165-VER;T-shirts;LYO;Lyon;XL;60
TS-165-VER;T-shirts;LYO;Lyon;XXL;30
TS-165-VER;T-shirts;BCN;Barcelone;XS;15
TS-165-VER;T-shirts;BCN;Barcelone;S;40
TS-165-VER;T-shirts;BCN;Barcelone;M;70
TS-165-VER;T-shirts;BCN;Barcelone;L;65
TS-165-VER;T-shirts;BCN;Barcelone;XL;40
TS-165-VER;T-shirts;BCN;Barcelone;XXL;20
TS-165-VER;T-shirts;MIL;Milan;XS;12
TS-165-VER;T-shirts;MIL;Milan;S;32
TS-165-VER;T-shirts;MIL;Milan;M;56
TS-165-VER;T-shirts;MIL;Milan;L;52
TS-165-VER;T-shirts;MIL;Milan;XL;32
TS-165-VER;T-shirts;MIL;Milan;XXL;16
TS-165-BLE;T-shirts;LIL;Lille;XS;22
TS-165-BLE;T-shirts;LIL;Lille;S;61
TS-165-BLE;T-shirts;LIL;Lille;M;107
TS-165-BLE;T-shirts;LIL;Lille;L;99
TS-165-BLE;T-shirts;LIL;Lille;XL;61
TS-165-BLE;T-shirts;LIL;Lille;XXL;30
TS-165-BLE;T-shirts;LYO;Lyon;XS;20
TS-165-BLE;T-shirts;LYO;Lyon;S;54
TS-165-BLE;T-shirts;LYO;Lyon;M;94
TS-165-BLE;T-shirts;LYO;Lyon;L;87
TS-165-BLE;T-shirts;LYO;Lyon;XL;54
TS-165-BLE;T-shirts;LYO;Lyon;XXL;27
TS-165-BLE;T-shirts;BCN;Barcelone;XS;13
TS-165-BLE;T-shirts;BCN;Barcelone;S;36
TS-165-BLE;T-shirts;BCN;Barcelone;M;63
TS-165-BLE;T-shirts;BCN;Barcelone;L;58
TS-165-BLE;T-shirts;BCN;Barcelone;XL;36
TS-165-BLE;T-shirts;BCN;Barcelone;XXL;18
TS-165-BLE;T-shirts;MIL;Milan;XS;10
TS-165-BLE;T-shirts;MIL;Milan;S;28
TS-165-BLE;T-shirts;MIL;Milan;M;50
TS-165-BLE;T-shirts;MIL;Milan;L;46
TS-165-BLE;T-shirts;MIL;Milan;XL;28
TS-165-BLE;T-shirts;MIL;Milan;XXL;14
TS-165-SAB;T-shirts;LIL;Lille;XS;21
TS-165-SAB;T-shirts;LIL;Lille;S;57
TS-165-SAB;T-shirts;LIL;Lille;M;100
TS-165-SAB;T-shirts;LIL;Lille;L;93
TS-165-SAB;T-shirts;LIL;Lille;XL;57
TS-165-SAB;T-shirts;LIL;Lille;XXL;28
TS-165-SAB;T-shirts;LYO;Lyon;XS;18
TS-165-SAB;T-shirts;LYO;Lyon;S;50
TS-165-SAB;T-shirts;LYO;Lyon;M;88
TS-165-SAB;T-shirts;LYO;Lyon;L;82
TS-165-SAB;T-shirts;LYO;Lyon;XL;50
TS-165-SAB;T-shirts;LYO;Lyon;XXL;25
TS-165-SAB;T-shirts;BCN;Barcelone;XS;12
TS-165-SAB;T-shirts;BCN;Barcelone;S;33
TS-165-SAB;T-shirts;BCN;Barcelone;M;58
TS-165-SAB;T-shirts;BCN;Barcelone;L;54
TS-165-SAB;T-shirts;BCN;Barcelone;XL;33
TS-165-SAB;T-shirts;BCN;Barcelone;XXL;16
TS-165-SAB;T-shirts;MIL;Milan;XS;10
TS-165-SAB;T-shirts;MIL;Milan;S;26
TS-165-SAB;T-shirts;MIL;Milan;M;47
TS-165-SAB;T-shirts;MIL;Milan;L;43
TS-165-SAB;T-shirts;MIL;Milan;XL;26
TS-165-SAB;T-shirts;MIL;Milan;XXL;13
TS-190-BLA;T-shirts;LIL;Lille;XS;65
TS-190-BLA;T-shirts;LIL;Lille;S;174
TS-190-BLA;T-shirts;LIL;Lille;M;305
TS-190-BLA;T-shirts;LIL;Lille;L;284
TS-190-BLA;T-shirts;LIL;Lille;XL;174
TS-190-BLA;T-shirts;LIL;Lille;XXL;87
TS-190-BLA;T-shirts;LYO;Lyon;XS;57
TS-190-BLA;T-shirts;LYO;Lyon;S;154
TS-190-BLA;T-shirts;LYO;Lyon;M;269
TS-190-BLA;T-shirts;LYO;Lyon;L;250
TS-190-BLA;T-shirts;LYO;Lyon;XL;154
TS-190-BLA;T-shirts;LYO;Lyon;XXL;77
TS-190-BLA;T-shirts;BCN;Barcelone;XS;38
TS-190-BLA;T-shirts;BCN;Barcelone;S;102
TS-190-BLA;T-shirts;BCN;Barcelone;M;179
TS-190-BLA;T-shirts;BCN;Barcelone;L;167
TS-190-BLA;T-shirts;BCN;Barcelone;XL;102
TS-190-BLA;T-shirts;BCN;Barcelone;XXL;51
TS-190-BLA;T-shirts;MIL;Milan;XS;30
TS-190-BLA;T-shirts;MIL;Milan;S;82
TS-190-BLA;T-shirts;MIL;Milan;M;143
TS-190-BLA;T-shirts;MIL;Milan;L;133
TS-190-BLA;T-shirts;MIL;Milan;XL;82
TS-190-BLA;T-shirts;MIL;Milan;XXL;41
TS-190-NOI;T-shirts;LIL;Lille;XS;45
TS-190-NOI;T-shirts;LIL;Lille;S;122
TS-190-NOI;T-shirts;LIL;Lille;M;214
TS-190-NOI;T-shirts;LIL;Lille;L;199
TS-190-NOI;T-shirts;LIL;Lille;XL;122
TS-190-NOI;T-shirts;LIL;Lille;XXL;61
TS-190-NOI;T-shirts;LYO;Lyon;XS;40
TS-190-NOI;T-shirts;LYO;Lyon;S;108
TS-190-NOI;T-shirts;LYO;Lyon;M;189
TS-190-NOI;T-shirts;LYO;Lyon;L;175
TS-190-NOI;T-shirts;LYO;Lyon;XL;108
TS-190-NOI;T-shirts;LYO;Lyon;XXL;54
TS-190-NOI;T-shirts;BCN;Barcelone;XS;27
TS-190-NOI;T-shirts;BCN;Barcelone;S;72
TS-190-NOI;T-shirts;BCN;Barcelone;M;126
TS-190-NOI;T-shirts;BCN;Barcelone;L;117
TS-190-NOI;T-shirts;BCN;Barcelone;XL;72
TS-190-NOI;T-shirts;BCN;Barcelone;XXL;36
TS-190-NOI;T-shirts;MIL;Milan;XS;21
TS-190-NOI;T-shirts;MIL;Milan;S;57
TS-190-NOI;T-shirts;MIL;Milan;M;100
TS-190-NOI;T-shirts;MIL;Milan;L;93
TS-190-NOI;T-shirts;MIL;Milan;XL;57
TS-190-NOI;T-shirts;MIL;Milan;XXL;28
TS-190-MAR;T-shirts;LIL;Lille;XS;60
TS-190-MAR;T-shirts;LIL;Lille;S;160
TS-190-MAR;T-shirts;LIL;Lille;M;281
TS-190-MAR;T-shirts;LIL;Lille;L;261
TS-190-MAR;T-shirts;LIL;Lille;XL;160
TS-190-MAR;T-shirts;LIL;Lille;XXL;80
TS-190-MAR;T-shirts;LYO;Lyon;XS;53
TS-190-MAR;T-shirts;LYO;Lyon;S;141
TS-190-MAR;T-shirts;LYO;Lyon;M;248
TS-190-MAR;T-shirts;LYO;Lyon;L;230
TS-190-MAR;T-shirts;LYO;Lyon;XL;141
TS-190-MAR;T-shirts;LYO;Lyon;XXL;70
TS-190-MAR;T-shirts;BCN;Barcelone;XS;35
TS-190-MAR;T-shirts;BCN;Barcelone;S;94
TS-190-MAR;T-shirts;BCN;Barcelone;M;165
TS-190-MAR;T-shirts;BCN;Barcelone;L;153
TS-190-MAR;T-shirts;BCN;Barcelone;XL;94
TS-190-MAR;T-shirts;BCN;Barcelone;XXL;47
TS-190-MAR;T-shirts;MIL;Milan;XS;28
TS-190-MAR;T-shirts;MIL;Milan;S;75
TS-190-MAR;T-shirts;MIL;Milan;M;132
TS-190-MAR;T-shirts;MIL;Milan;L;122
TS-190-MAR;T-shirts;MIL;Milan;XL;75
TS-190-MAR;T-shirts;MIL;Milan;XXL;37
TS-190-GRI;T-shirts;LIL;Lille;XS;23
TS-190-GRI;T-shirts;LIL;Lille;S;63
TS-190-GRI;T-shirts;LIL;Lille;M;110
TS-190-GRI;T-shirts;LIL;Lille;L;103
TS-190-GRI;T-shirts;LIL;Lille;XL;63
TS-190-GRI;T-shirts;LIL;Lille;XXL;31
TS-190-GRI;T-shirts;LYO;Lyon;XS;20
TS-190-GRI;T-shirts;LYO;Lyon;S;55
TS-190-GRI;T-shirts;LYO;Lyon;M;97
TS-190-GRI;T-shirts;LYO;Lyon;L;90
TS-190-GRI;T-shirts;LYO;Lyon;XL;55
TS-190-GRI;T-shirts;LYO;Lyon;XXL;27
TS-190-GRI;T-shirts;BCN;Barcelone;XS;13
TS-190-GRI;T-shirts;BCN;Barcelone;S;37
TS-190-GRI;T-shirts;BCN;Barcelone;M;65
TS-190-GRI;T-shirts;BCN;Barcelone;L;60
TS-190-GRI;T-shirts;BCN;Barcelone;XL;37
TS-190-GRI;T-shirts;BCN;Barcelone;XXL;18
TS-190-GRI;T-shirts;MIL;Milan;XS;11
TS-190-GRI;T-shirts;MIL;Milan;S;29
TS-190-GRI;T-shirts;MIL;Milan;M;52
TS-190-GRI;T-shirts;MIL;Milan;L;48
TS-190-GRI;T-shirts;MIL;Milan;XL;29
TS-190-GRI;T-shirts;MIL;Milan;XXL;14
TS-165-EU-BLA;T-shirts;LIL;Lille;XS;130
TS-165-EU-BLA;T-shirts;LIL;Lille;S;348
TS-165-EU-BLA;T-shirts;LIL;Lille;M;609
TS-165-EU-BLA;T-shirts;LIL;Lille;L;565
TS-165-EU-BLA;T-shirts;LIL;Lille;XL;348
TS-165-EU-BLA;T-shirts;LIL;Lille;XXL;174
TS-165-EU-BLA;T-shirts;LYO;Lyon;XS;115
TS-165-EU-BLA;T-shirts;LYO;Lyon;S;307
TS-165-EU-BLA;T-shirts;LYO;Lyon;M;537
TS-165-EU-BLA;T-shirts;LYO;Lyon;L;499
TS-165-EU-BLA;T-shirts;LYO;Lyon;XL;307
TS-165-EU-BLA;T-shirts;LYO;Lyon;XXL;153
TS-165-EU-BLA;T-shirts;BCN;Barcelone;XS;76
TS-165-EU-BLA;T-shirts;BCN;Barcelone;S;204
TS-165-EU-BLA;T-shirts;BCN;Barcelone;M;358
TS-165-EU-BLA;T-shirts;BCN;Barcelone;L;332
TS-165-EU-BLA;T-shirts;BCN;Barcelone;XL;204
TS-165-EU-BLA;T-shirts;BCN;Barcelone;XXL;102
TS-165-EU-BLA;T-shirts;MIL;Milan;XS;0
TS-165-EU-BLA;T-shirts;MIL;Milan;S;0
TS-165-EU-BLA;T-shirts;MIL;Milan;M;0
TS-165-EU-BLA;T-shirts;MIL;Milan;L;0
TS-165-EU-BLA;T-shirts;MIL;Milan;XL;0
TS-165-EU-BLA;T-shirts;MIL;Milan;XXL;0
TS-165-EU-NOI;T-shirts;LIL;Lille;XS;38
TS-165-EU-NOI;T-shirts;LIL;Lille;S;103
TS-165-EU-NOI;T-shirts;LIL;Lille;M;181
TS-165-EU-NOI;T-shirts;LIL;Lille;L;168
TS-165-EU-NOI;T-shirts;LIL;Lille;XL;103
TS-165-EU-NOI;T-shirts;LIL;Lille;XXL;51
TS-165-EU-NOI;T-shirts;LYO;Lyon;XS;34
TS-165-EU-NOI;T-shirts;LYO;Lyon;S;91
TS-165-EU-NOI;T-shirts;LYO;Lyon;M;159
TS-165-EU-NOI;T-shirts;LYO;Lyon;L;148
TS-165-EU-NOI;T-shirts;LYO;Lyon;XL;91
TS-165-EU-NOI;T-shirts;LYO;Lyon;XXL;45
TS-165-EU-NOI;T-shirts;BCN;Barcelone;XS;22
TS-165-EU-NOI;T-shirts;BCN;Barcelone;S;60
TS-165-EU-NOI;T-shirts;BCN;Barcelone;M;106
TS-165-EU-NOI;T-shirts;BCN;Barcelone;L;98
TS-165-EU-NOI;T-shirts;BCN;Barcelone;XL;60
TS-165-EU-NOI;T-shirts;BCN;Barcelone;XXL;30
TS-165-EU-NOI;T-shirts;MIL;Milan;XS;18
TS-165-EU-NOI;T-shirts;MIL;Milan;S;48
TS-165-EU-NOI;T-shirts;MIL;Milan;M;85
TS-165-EU-NOI;T-shirts;MIL;Milan;L;79
TS-165-EU-NOI;T-shirts;MIL;Milan;XL;48
TS-165-EU-NOI;T-shirts;MIL;Milan;XXL;24
TS-165-EU-MAR;T-shirts;LIL;Lille;XS;52
TS-165-EU-MAR;T-shirts;LIL;Lille;S;140
TS-165-EU-MAR;T-shirts;LIL;Lille;M;246
TS-165-EU-MAR;T-shirts;LIL;Lille;L;228
TS-165-EU-MAR;T-shirts;LIL;Lille;XL;140
TS-165-EU-MAR;T-shirts;LIL;Lille;XXL;70
TS-165-EU-MAR;T-shirts;LYO;Lyon;XS;46
TS-165-EU-MAR;T-shirts;LYO;Lyon;S;124
TS-165-EU-MAR;T-shirts;LYO;Lyon;M;217
TS-165-EU-MAR;T-shirts;LYO;Lyon;L;201
TS-165-EU-MAR;T-shirts;LYO;Lyon;XL;124
TS-165-EU-MAR;T-shirts;LYO;Lyon;XXL;62
TS-165-EU-MAR;T-shirts;BCN;Barcelone;XS;31
TS-165-EU-MAR;T-shirts;BCN;Barcelone;S;82
TS-165-EU-MAR;T-shirts;BCN;Barcelone;M;144
TS-165-EU-MAR;T-shirts;BCN;Barcelone;L;134
TS-165-EU-MAR;T-shirts;BCN;Barcelone;XL;82
TS-165-EU-MAR;T-shirts;BCN;Barcelone;XXL;41
TS-165-EU-MAR;T-shirts;MIL;Milan;XS;24
TS-165-EU-MAR;T-shirts;MIL;Milan;S;66
TS-165-EU-MAR;T-shirts;MIL;Milan;M;115
TS-165-EU-MAR;T-shirts;MIL;Milan;L;107
TS-165-EU-MAR;T-shirts;MIL;Milan;XL;66
TS-165-EU-MAR;T-shirts;MIL;Milan;XXL;33
TS-165-EU-GRI;T-shirts;LIL;Lille;XS;21
TS-165-EU-GRI;T-shirts;LIL;Lille;S;57
TS-165-EU-GRI;T-shirts;LIL;Lille;M;99
TS-165-EU-GRI;T-shirts;LIL;Lille;L;92
TS-165-EU-GRI;T-shirts;LIL;Lille;XL;57
TS-165-EU-GRI;T-shirts;LIL;Lille;XXL;28
TS-165-EU-GRI;T-shirts;LYO;Lyon;XS;18
TS-165-EU-GRI;T-shirts;LYO;Lyon;S;50
TS-165-EU-GRI;T-shirts;LYO;Lyon;M;88
TS-165-EU-GRI;T-shirts;LYO;Lyon;L;81
TS-165-EU-GRI;T-shirts;LYO;Lyon;XL;50
TS-165-EU-GRI;T-shirts;LYO;Lyon;XXL;25
TS-165-EU-GRI;T-shirts;BCN;Barcelone;XS;12
TS-165-EU-GRI;T-shirts;BCN;Barcelone;S;33
TS-165-EU-GRI;T-shirts;BCN;Barcelone;M;58
TS-165-EU-GRI;T-shirts;BCN;Barcelone;L;54
TS-165-EU-GRI;T-shirts;BCN;Barcelone;XL;33
TS-165-EU-GRI;T-shirts;BCN;Barcelone;XXL;16
TS-165-EU-GRI;T-shirts;MIL;Milan;XS;10
TS-165-EU-GRI;T-shirts;MIL;Milan;S;26
TS-165-EU-GRI;T-shirts;MIL;Milan;M;46
TS-165-EU-GRI;T-shirts;MIL;Milan;L;43
TS-165-EU-GRI;T-shirts;MIL;Milan;XL;26
TS-165-EU-GRI;T-shirts;MIL;Milan;XXL;13
TS-165-EU-ROU;T-shirts;LIL;Lille;XS;35
TS-165-EU-ROU;T-shirts;LIL;Lille;S;94
TS-165-EU-ROU;T-shirts;LIL;Lille;M;165
TS-165-EU-ROU;T-shirts;LIL;Lille;L;153
TS-165-EU-ROU;T-shirts;LIL;Lille;XL;94
TS-165-EU-ROU;T-shirts;LIL;Lille;XXL;47
TS-165-EU-ROU;T-shirts;LYO;Lyon;XS;31
TS-165-EU-ROU;T-shirts;LYO;Lyon;S;83
TS-165-EU-ROU;T-shirts;LYO;Lyon;M;146
TS-165-EU-ROU;T-shirts;LYO;Lyon;L;135
TS-165-EU-ROU;T-shirts;LYO;Lyon;XL;83
TS-165-EU-ROU;T-shirts;LYO;Lyon;XXL;41
TS-165-EU-ROU;T-shirts;BCN;Barcelone;XS;20
TS-165-EU-ROU;T-shirts;BCN;Barcelone;S;55
TS-165-EU-ROU;T-shirts;BCN;Barcelone;M;97
TS-165-EU-ROU;T-shirts;BCN;Barcelone;L;90
TS-165-EU-ROU;T-shirts;BCN;Barcelone;XL;55
TS-165-EU-ROU;T-shirts;BCN;Barcelone;XXL;27
TS-165-EU-ROU;T-shirts;MIL;Milan;XS;16
TS-165-EU-ROU;T-shirts;MIL;Milan;S;44
TS-165-EU-ROU;T-shirts;MIL;Milan;M;78
TS-165-EU-ROU;T-shirts;MIL;Milan;L;72
TS-165-EU-ROU;T-shirts;MIL;Milan;XL;44
TS-165-EU-ROU;T-shirts;MIL;Milan;XXL;22
TS-165-EU-VER;T-shirts;LIL;Lille;XS;30
TS-165-EU-VER;T-shirts;LIL;Lille;S;82
TS-165-EU-VER;T-shirts;LIL;Lille;M;144
TS-165-EU-VER;T-shirts;LIL;Lille;L;134
TS-165-EU-VER;T-shirts;LIL;Lille;XL;82
TS-165-EU-VER;T-shirts;LIL;Lille;XXL;41
TS-165-EU-VER;T-shirts;LYO;Lyon;XS;27
TS-165-EU-VER;T-shirts;LYO;Lyon;S;72
TS-165-EU-VER;T-shirts;LYO;Lyon;M;127
TS-165-EU-VER;T-shirts;LYO;Lyon;L;118
TS-165-EU-VER;T-shirts;LYO;Lyon;XL;72
TS-165-EU-VER;T-shirts;LYO;Lyon;XXL;36
TS-165-EU-VER;T-shirts;BCN;Barcelone;XS;18
TS-165-EU-VER;T-shirts;BCN;Barcelone;S;48
TS-165-EU-VER;T-shirts;BCN;Barcelone;M;85
TS-165-EU-VER;T-shirts;BCN;Barcelone;L;78
TS-165-EU-VER;T-shirts;BCN;Barcelone;XL;48
TS-165-EU-VER;T-shirts;BCN;Barcelone;XXL;24
TS-165-EU-VER;T-shirts;MIL;Milan;XS;14
TS-165-EU-VER;T-shirts;MIL;Milan;S;38
TS-165-EU-VER;T-shirts;MIL;Milan;M;68
TS-165-EU-VER;T-shirts;MIL;Milan;L;63
TS-165-EU-VER;T-shirts;MIL;Milan;XL;38
TS-165-EU-VER;T-shirts;MIL;Milan;XXL;19
TS-165-EU-BLE;T-shirts;LIL;Lille;XS;31
TS-165-EU-BLE;T-shirts;LIL;Lille;S;83
TS-165-EU-BLE;T-shirts;LIL;Lille;M;146
TS-165-EU-BLE;T-shirts;LIL;Lille;L;135
TS-165-EU-BLE;T-shirts;LIL;Lille;XL;83
TS-165-EU-BLE;T-shirts;LIL;Lille;XXL;41
TS-165-EU-BLE;T-shirts;LYO;Lyon;XS;27
TS-165-EU-BLE;T-shirts;LYO;Lyon;S;73
TS-165-EU-BLE;T-shirts;LYO;Lyon;M;128
TS-165-EU-BLE;T-shirts;LYO;Lyon;L;119
TS-165-EU-BLE;T-shirts;LYO;Lyon;XL;73
TS-165-EU-BLE;T-shirts;LYO;Lyon;XXL;36
TS-165-EU-BLE;T-shirts;BCN;Barcelone;XS;18
TS-165-EU-BLE;T-shirts;BCN;Barcelone;S;49
TS-165-EU-BLE;T-shirts;BCN;Barcelone;M;85
TS-165-EU-BLE;T-shirts;BCN;Barcelone;L;79
TS-165-EU-BLE;T-shirts;BCN;Barcelone;XL;49
TS-165-EU-BLE;T-shirts;BCN;Barcelone;XXL;24
TS-165-EU-BLE;T-shirts;MIL;Milan;XS;14
TS-165-EU-BLE;T-shirts;MIL;Milan;S;39
TS-165-EU-BLE;T-shirts;MIL;Milan;M;68
TS-165-EU-BLE;T-shirts;MIL;Milan;L;63
TS-165-EU-BLE;T-shirts;MIL;Milan;XL;39
TS-165-EU-BLE;T-shirts;MIL;Milan;XXL;19
TS-165-EU-SAB;T-shirts;LIL;Lille;XS;31
TS-165-EU-SAB;T-shirts;LIL;Lille;S;83
TS-165-EU-SAB;T-shirts;LIL;Lille;M;146
TS-165-EU-SAB;T-shirts;LIL;Lille;L;135
TS-165-EU-SAB;T-shirts;LIL;Lille;XL;83
TS-165-EU-SAB;T-shirts;LIL;Lille;XXL;41
TS-165-EU-SAB;T-shirts;LYO;Lyon;XS;27
TS-165-EU-SAB;T-shirts;LYO;Lyon;S;73
TS-165-EU-SAB;T-shirts;LYO;Lyon;M;129
TS-165-EU-SAB;T-shirts;LYO;Lyon;L;119
TS-165-EU-SAB;T-shirts;LYO;Lyon;XL;73
TS-165-EU-SAB;T-shirts;LYO;Lyon;XXL;36
TS-165-EU-SAB;T-shirts;BCN;Barcelone;XS;18
TS-165-EU-SAB;T-shirts;BCN;Barcelone;S;49
TS-165-EU-SAB;T-shirts;BCN;Barcelone;M;86
TS-165-EU-SAB;T-shirts;BCN;Barcelone;L;79
TS-165-EU-SAB;T-shirts;BCN;Barcelone;XL;49
TS-165-EU-SAB;T-shirts;BCN;Barcelone;XXL;24
TS-165-EU-SAB;T-shirts;MIL;Milan;XS;14
TS-165-EU-SAB;T-shirts;MIL;Milan;S;39
TS-165-EU-SAB;T-shirts;MIL;Milan;M;68
TS-165-EU-SAB;T-shirts;MIL;Milan;L;63
TS-165-EU-SAB;T-shirts;MIL;Milan;XL;39
TS-165-EU-SAB;T-shirts;MIL;Milan;XXL;19
TS-160-BIO-BLA;T-shirts;LIL;Lille;XS;61
TS-160-BIO-BLA;T-shirts;LIL;Lille;S;164
TS-160-BIO-BLA;T-shirts;LIL;Lille;M;288
TS-160-BIO-BLA;T-shirts;LIL;Lille;L;267
TS-160-BIO-BLA;T-shirts;LIL;Lille;XL;164
TS-160-BIO-BLA;T-shirts;LIL;Lille;XXL;82
TS-160-BIO-BLA;T-shirts;LYO;Lyon;XS;54
TS-160-BIO-BLA;T-shirts;LYO;Lyon;S;145
TS-160-BIO-BLA;T-shirts;LYO;Lyon;M;254
TS-160-BIO-BLA;T-shirts;LYO;Lyon;L;236
TS-160-BIO-BLA;T-shirts;LYO;Lyon;XL;145
TS-160-BIO-BLA;T-shirts;LYO;Lyon;XXL;72
TS-160-BIO-BLA;T-shirts;BCN;Barcelone;XS;36
TS-160-BIO-BLA;T-shirts;BCN;Barcelone;S;96
TS-160-BIO-BLA;T-shirts;BCN;Barcelone;M;169
TS-160-BIO-BLA;T-shirts;BCN;Barcelone;L;157
TS-160-BIO-BLA;T-shirts;BCN;Barcelone;XL;96
TS-160-BIO-BLA;T-shirts;BCN;Barcelone;XXL;48
TS-160-BIO-BLA;T-shirts;MIL;Milan;XS;29
TS-160-BIO-BLA;T-shirts;MIL;Milan;S;77
TS-160-BIO-BLA;T-shirts;MIL;Milan;M;135
TS-160-BIO-BLA;T-shirts;MIL;Milan;L;125
TS-160-BIO-BLA;T-shirts;MIL;Milan;XL;77
TS-160-BIO-BLA;T-shirts;MIL;Milan;XXL;38
TS-160-BIO-NOI;T-shirts;LIL;Lille;XS;64
TS-160-BIO-NOI;T-shirts;LIL;Lille;S;171
TS-160-BIO-NOI;T-shirts;LIL;Lille;M;299
TS-160-BIO-NOI;T-shirts;LIL;Lille;L;277
TS-160-BIO-NOI;T-shirts;LIL;Lille;XL;171
TS-160-BIO-NOI;T-shirts;LIL;Lille;XXL;85
TS-160-BIO-NOI;T-shirts;LYO;Lyon;XS;56
TS-160-BIO-NOI;T-shirts;LYO;Lyon;S;150
TS-160-BIO-NOI;T-shirts;LYO;Lyon;M;264
TS-160-BIO-NOI;T-shirts;LYO;Lyon;L;245
TS-160-BIO-NOI;T-shirts;LYO;Lyon;XL;150
TS-160-BIO-NOI;T-shirts;LYO;Lyon;XXL;75
TS-160-BIO-NOI;T-shirts;BCN;Barcelone;XS;37
TS-160-BIO-NOI;T-shirts;BCN;Barcelone;S;100
TS-160-BIO-NOI;T-shirts;BCN;Barcelone;M;176
TS-160-BIO-NOI;T-shirts;BCN;Barcelone;L;163
TS-160-BIO-NOI;T-shirts;BCN;Barcelone;XL;100
TS-160-BIO-NOI;T-shirts;BCN;Barcelone;XXL;50
TS-160-BIO-NOI;T-shirts;MIL;Milan;XS;30
TS-160-BIO-NOI;T-shirts;MIL;Milan;S;80
TS-160-BIO-NOI;T-shirts;MIL;Milan;M;140
TS-160-BIO-NOI;T-shirts;MIL;Milan;L;130
TS-160-BIO-NOI;T-shirts;MIL;Milan;XL;80
TS-160-BIO-NOI;T-shirts;MIL;Milan;XXL;40
TS-160-BIO-MAR;T-shirts;LIL;Lille;XS;56
TS-160-BIO-MAR;T-shirts;LIL;Lille;S;149
TS-160-BIO-MAR;T-shirts;LIL;Lille;M;262
TS-160-BIO-MAR;T-shirts;LIL;Lille;L;243
TS-160-BIO-MAR;T-shirts;LIL;Lille;XL;149
TS-160-BIO-MAR;T-shirts;LIL;Lille;XXL;74
TS-160-BIO-MAR;T-shirts;LYO;Lyon;XS;49
TS-160-BIO-MAR;T-shirts;LYO;Lyon;S;132
TS-160-BIO-MAR;T-shirts;LYO;Lyon;M;231
TS-160-BIO-MAR;T-shirts;LYO;Lyon;L;215
TS-160-BIO-MAR;T-shirts;LYO;Lyon;XL;132
TS-160-BIO-MAR;T-shirts;LYO;Lyon;XXL;66
TS-160-BIO-MAR;T-shirts;BCN;Barcelone;XS;33
TS-160-BIO-MAR;T-shirts;BCN;Barcelone;S;88
TS-160-BIO-MAR;T-shirts;BCN;Barcelone;M;154
TS-160-BIO-MAR;T-shirts;BCN;Barcelone;L;143
TS-160-BIO-MAR;T-shirts;BCN;Barcelone;XL;88
TS-160-BIO-MAR;T-shirts;BCN;Barcelone;XXL;44
TS-160-BIO-MAR;T-shirts;MIL;Milan;XS;26
TS-160-BIO-MAR;T-shirts;MIL;Milan;S;70
TS-160-BIO-MAR;T-shirts;MIL;Milan;M;123
TS-160-BIO-MAR;T-shirts;MIL;Milan;L;114
TS-160-BIO-MAR;T-shirts;MIL;Milan;XL;70
TS-160-BIO-MAR;T-shirts;MIL;Milan;XXL;35
TS-160-BIO-GRI;T-shirts;LIL;Lille;XS;28
TS-160-BIO-GRI;T-shirts;LIL;Lille;S;75
TS-160-BIO-GRI;T-shirts;LIL;Lille;M;132
TS-160-BIO-GRI;T-shirts;LIL;Lille;L;122
TS-160-BIO-GRI;T-shirts;LIL;Lille;XL;75
TS-160-BIO-GRI;T-shirts;LIL;Lille;XXL;37
TS-160-BIO-GRI;T-shirts;LYO;Lyon;XS;25
TS-160-BIO-GRI;T-shirts;LYO;Lyon;S;66
TS-160-BIO-GRI;T-shirts;LYO;Lyon;M;116
TS-160-BIO-GRI;T-shirts;LYO;Lyon;L;108
TS-160-BIO-GRI;T-shirts;LYO;Lyon;XL;66
TS-160-BIO-GRI;T-shirts;LYO;Lyon;XXL;33
TS-160-BIO-GRI;T-shirts;BCN;Barcelone;XS;16
TS-160-BIO-GRI;T-shirts;BCN;Barcelone;S;44
TS-160-BIO-GRI;T-shirts;BCN;Barcelone;M;77
TS-160-BIO-GRI;T-shirts;BCN;Barcelone;L;72
TS-160-BIO-GRI;T-shirts;BCN;Barcelone;XL;44
TS-160-BIO-GRI;T-shirts;BCN;Barcelone;XXL;22
TS-160-BIO-GRI;T-shirts;MIL;Milan;XS;13
TS-160-BIO-GRI;T-shirts;MIL;Milan;S;35
TS-160-BIO-GRI;T-shirts;MIL;Milan;M;62
TS-160-BIO-GRI;T-shirts;MIL;Milan;L;57
TS-160-BIO-GRI;T-shirts;MIL;Milan;XL;35
TS-160-BIO-GRI;T-shirts;MIL;Milan;XXL;17
TS-160-BIO-ROU;T-shirts;LIL;Lille;XS;29
TS-160-BIO-ROU;T-shirts;LIL;Lille;S;77
TS-160-BIO-ROU;T-shirts;LIL;Lille;M;135
TS-160-BIO-ROU;T-shirts;LIL;Lille;L;125
TS-160-BIO-ROU;T-shirts;LIL;Lille;XL;77
TS-160-BIO-ROU;T-shirts;LIL;Lille;XXL;38
TS-160-BIO-ROU;T-shirts;LYO;Lyon;XS;25
TS-160-BIO-ROU;T-shirts;LYO;Lyon;S;68
TS-160-BIO-ROU;T-shirts;LYO;Lyon;M;119
TS-160-BIO-ROU;T-shirts;LYO;Lyon;L;110
TS-160-BIO-ROU;T-shirts;LYO;Lyon;XL;68
TS-160-BIO-ROU;T-shirts;LYO;Lyon;XXL;34
TS-160-BIO-ROU;T-shirts;BCN;Barcelone;XS;17
TS-160-BIO-ROU;T-shirts;BCN;Barcelone;S;45
TS-160-BIO-ROU;T-shirts;BCN;Barcelone;M;79
TS-160-BIO-ROU;T-shirts;BCN;Barcelone;L;73
TS-160-BIO-ROU;T-shirts;BCN;Barcelone;XL;45
TS-160-BIO-ROU;T-shirts;BCN;Barcelone;XXL;22
TS-160-BIO-ROU;T-shirts;MIL;Milan;XS;13
TS-160-BIO-ROU;T-shirts;MIL;Milan;S;36
TS-160-BIO-ROU;T-shirts;MIL;Milan;M;63
TS-160-BIO-ROU;T-shirts;MIL;Milan;L;59
TS-160-BIO-ROU;T-shirts;MIL;Milan;XL;36
TS-160-BIO-ROU;T-shirts;MIL;Milan;XXL;18
TS-160-BIO-VER;T-shirts;LIL;Lille;XS;30
TS-160-BIO-VER;T-shirts;LIL;Lille;S;81
TS-160-BIO-VER;T-shirts;LIL;Lille;M;142
TS-160-BIO-VER;T-shirts;LIL;Lille;L;132
TS-160-BIO-VER;T-shirts;LIL;Lille;XL;81
TS-160-BIO-VER;T-shirts;LIL;Lille;XXL;40
TS-160-BIO-VER;T-shirts;LYO;Lyon;XS;26
TS-160-BIO-VER;T-shirts;LYO;Lyon;S;71
TS-160-BIO-VER;T-shirts;LYO;Lyon;M;125
TS-160-BIO-VER;T-shirts;LYO;Lyon;L;116
TS-160-BIO-VER;T-shirts;LYO;Lyon;XL;71
TS-160-BIO-VER;T-shirts;LYO;Lyon;XXL;35
TS-160-BIO-VER;T-shirts;BCN;Barcelone;XS;17
TS-160-BIO-VER;T-shirts;BCN;Barcelone;S;47
TS-160-BIO-VER;T-shirts;BCN;Barcelone;M;83
TS-160-BIO-VER;T-shirts;BCN;Barcelone;L;77
TS-160-BIO-VER;T-shirts;BCN;Barcelone;XL;47
TS-160-BIO-VER;T-shirts;BCN;Barcelone;XXL;23
TS-160-BIO-VER;T-shirts;MIL;Milan;XS;14
TS-160-BIO-VER;T-shirts;MIL;Milan;S;38
TS-160-BIO-VER;T-shirts;MIL;Milan;M;67
TS-160-BIO-VER;T-shirts;MIL;Milan;L;62
TS-160-BIO-VER;T-shirts;MIL;Milan;XL;38
TS-160-BIO-VER;T-shirts;MIL;Milan;XXL;19
TS-160-BIO-BLE;T-shirts;LIL;Lille;XS;31
TS-160-BIO-BLE;T-shirts;LIL;Lille;S;83
TS-160-BIO-BLE;T-shirts;LIL;Lille;M;146
TS-160-BIO-BLE;T-shirts;LIL;Lille;L;136
TS-160-BIO-BLE;T-shirts;LIL;Lille;XL;83
TS-160-BIO-BLE;T-shirts;LIL;Lille;XXL;41
TS-160-BIO-BLE;T-shirts;LYO;Lyon;XS;27
TS-160-BIO-BLE;T-shirts;LYO;Lyon;S;74
TS-160-BIO-BLE;T-shirts;LYO;Lyon;M;129
TS-160-BIO-BLE;T-shirts;LYO;Lyon;L;120
TS-160-BIO-BLE;T-shirts;LYO;Lyon;XL;74
TS-160-BIO-BLE;T-shirts;LYO;Lyon;XXL;37
TS-160-BIO-BLE;T-shirts;BCN;Barcelone;XS;18
TS-160-BIO-BLE;T-shirts;BCN;Barcelone;S;49
TS-160-BIO-BLE;T-shirts;BCN;Barcelone;M;86
TS-160-BIO-BLE;T-shirts;BCN;Barcelone;L;80
TS-160-BIO-BLE;T-shirts;BCN;Barcelone;XL;49
TS-160-BIO-BLE;T-shirts;BCN;Barcelone;XXL;24
TS-160-BIO-BLE;T-shirts;MIL;Milan;XS;14
TS-160-BIO-BLE;T-shirts;MIL;Milan;S;39
TS-160-BIO-BLE;T-shirts;MIL;Milan;M;69
TS-160-BIO-BLE;T-shirts;MIL;Milan;L;64
TS-160-BIO-BLE;T-shirts;MIL;Milan;XL;39
TS-160-BIO-BLE;T-shirts;MIL;Milan;XXL;19
TS-160-BIO-SAB;T-shirts;LIL;Lille;XS;25
TS-160-BIO-SAB;T-shirts;LIL;Lille;S;67
TS-160-BIO-SAB;T-shirts;LIL;Lille;M;117
TS-160-BIO-SAB;T-shirts;LIL;Lille;L;109
TS-160-BIO-SAB;T-shirts;LIL;Lille;XL;67
TS-160-BIO-SAB;T-shirts;LIL;Lille;XXL;33
TS-160-BIO-SAB;T-shirts;LYO;Lyon;XS;22
TS-160-BIO-SAB;T-shirts;LYO;Lyon;S;59
TS-160-BIO-SAB;T-shirts;LYO;Lyon;M;103
TS-160-BIO-SAB;T-shirts;LYO;Lyon;L;96
TS-160-BIO-SAB;T-shirts;LYO;Lyon;XL;59
TS-160-BIO-SAB;T-shirts;LYO;Lyon;XXL;29
TS-160-BIO-SAB;T-shirts;BCN;Barcelone;XS;14
TS-160-BIO-SAB;T-shirts;BCN;Barcelone;S;39
TS-160-BIO-SAB;T-shirts;BCN;Barcelone;M;69
TS-160-BIO-SAB;T-shirts;BCN;Barcelone;L;64
TS-160-BIO-SAB;T-shirts;BCN;Barcelone;XL;39
TS-160-BIO-SAB;T-shirts;BCN;Barcelone;XXL;19
TS-160-BIO-SAB;T-shirts;MIL;Milan;XS;11
TS-160-BIO-SAB;T-shirts;MIL;Milan;S;31
TS-160-BIO-SAB;T-shirts;MIL;Milan;M;55
TS-160-BIO-SAB;T-shirts;MIL;Milan;L;51
TS-160-BIO-SAB;T-shirts;MIL;Milan;XL;31
TS-160-BIO-SAB;T-shirts;MIL;Milan;XXL;15
TS-F-150-BLA;T-shirts;LIL;Lille;XS;37
TS-F-150-BLA;T-shirts;LIL;Lille;S;99
TS-F-150-BLA;T-shirts;LIL;Lille;M;174
TS-F-150-BLA;T-shirts;LIL;Lille;L;162
TS-F-150-BLA;T-shirts;LIL;Lille;XL;99
TS-F-150-BLA;T-shirts;LIL;Lille;XXL;49
TS-F-150-BLA;T-shirts;LYO;Lyon;XS;33
TS-F-150-BLA;T-shirts;LYO;Lyon;S;88
TS-F-150-BLA;T-shirts;LYO;Lyon;M;154
TS-F-150-BLA;T-shirts;LYO;Lyon;L;143
TS-F-150-BLA;T-shirts;LYO;Lyon;XL;88
TS-F-150-BLA;T-shirts;LYO;Lyon;XXL;44
TS-F-150-BLA;T-shirts;BCN;Barcelone;XS;22
TS-F-150-BLA;T-shirts;BCN;Barcelone;S;58
TS-F-150-BLA;T-shirts;BCN;Barcelone;M;102
TS-F-150-BLA;T-shirts;BCN;Barcelone;L;95
TS-F-150-BLA;T-shirts;BCN;Barcelone;XL;58
TS-F-150-BLA;T-shirts;BCN;Barcelone;XXL;29
TS-F-150-BLA;T-shirts;MIL;Milan;XS;17
TS-F-150-BLA;T-shirts;MIL;Milan;S;46
TS-F-150-BLA;T-shirts;MIL;Milan;M;82
TS-F-150-BLA;T-shirts;MIL;Milan;L;76
TS-F-150-BLA;T-shirts;MIL;Milan;XL;46
TS-F-150-BLA;T-shirts;MIL;Milan;XXL;23
TS-F-150-NOI;T-shirts;LIL;Lille;XS;42
TS-F-150-NOI;T-shirts;LIL;Lille;S;112
TS-F-150-NOI;T-shirts;LIL;Lille;M;197
TS-F-150-NOI;T-shirts;LIL;Lille;L;183
TS-F-150-NOI;T-shirts;LIL;Lille;XL;112
TS-F-150-NOI;T-shirts;LIL;Lille;XXL;56
TS-F-150-NOI;T-shirts;LYO;Lyon;XS;37
TS-F-150-NOI;T-shirts;LYO;Lyon;S;99
TS-F-150-NOI;T-shirts;LYO;Lyon;M;174
TS-F-150-NOI;T-shirts;LYO;Lyon;L;161
TS-F-150-NOI;T-shirts;LYO;Lyon;XL;99
TS-F-150-NOI;T-shirts;LYO;Lyon;XXL;49
TS-F-150-NOI;T-shirts;BCN;Barcelone;XS;24
TS-F-150-NOI;T-shirts;BCN;Barcelone;S;66
TS-F-150-NOI;T-shirts;BCN;Barcelone;M;116
TS-F-150-NOI;T-shirts;BCN;Barcelone;L;107
TS-F-150-NOI;T-shirts;BCN;Barcelone;XL;66
TS-F-150-NOI;T-shirts;BCN;Barcelone;XXL;33
TS-F-150-NOI;T-shirts;MIL;Milan;XS;19
TS-F-150-NOI;T-shirts;MIL;Milan;S;53
TS-F-150-NOI;T-shirts;MIL;Milan;M;92
TS-F-150-NOI;T-shirts;MIL;Milan;L;86
TS-F-150-NOI;T-shirts;MIL;Milan;XL;53
TS-F-150-NOI;T-shirts;MIL;Milan;XXL;26
TS-F-150-MAR;T-shirts;LIL;Lille;XS;49
TS-F-150-MAR;T-shirts;LIL;Lille;S;132
TS-F-150-MAR;T-shirts;LIL;Lille;M;231
TS-F-150-MAR;T-shirts;LIL;Lille;L;215
TS-F-150-MAR;T-shirts;LIL;Lille;XL;132
TS-F-150-MAR;T-shirts;LIL;Lille;XXL;66
TS-F-150-MAR;T-shirts;LYO;Lyon;XS;43
TS-F-150-MAR;T-shirts;LYO;Lyon;S;116
TS-F-150-MAR;T-shirts;LYO;Lyon;M;204
TS-F-150-MAR;T-shirts;LYO;Lyon;L;189
TS-F-150-MAR;T-shirts;LYO;Lyon;XL;116
TS-F-150-MAR;T-shirts;LYO;Lyon;XXL;58
TS-F-150-MAR;T-shirts;BCN;Barcelone;XS;29
TS-F-150-MAR;T-shirts;BCN;Barcelone;S;77
TS-F-150-MAR;T-shirts;BCN;Barcelone;M;136
TS-F-150-MAR;T-shirts;BCN;Barcelone;L;126
TS-F-150-MAR;T-shirts;BCN;Barcelone;XL;77
TS-F-150-MAR;T-shirts;BCN;Barcelone;XXL;38
TS-F-150-MAR;T-shirts;MIL;Milan;XS;23
TS-F-150-MAR;T-shirts;MIL;Milan;S;62
TS-F-150-MAR;T-shirts;MIL;Milan;M;109
TS-F-150-MAR;T-shirts;MIL;Milan;L;101
TS-F-150-MAR;T-shirts;MIL;Milan;XL;62
TS-F-150-MAR;T-shirts;MIL;Milan;XXL;31
TS-F-150-GRI;T-shirts;LIL;Lille;XS;36
TS-F-150-GRI;T-shirts;LIL;Lille;S;97
TS-F-150-GRI;T-shirts;LIL;Lille;M;171
TS-F-150-GRI;T-shirts;LIL;Lille;L;158
TS-F-150-GRI;T-shirts;LIL;Lille;XL;97
TS-F-150-GRI;T-shirts;LIL;Lille;XXL;48
TS-F-150-GRI;T-shirts;LYO;Lyon;XS;32
TS-F-150-GRI;T-shirts;LYO;Lyon;S;86
TS-F-150-GRI;T-shirts;LYO;Lyon;M;151
TS-F-150-GRI;T-shirts;LYO;Lyon;L;140
TS-F-150-GRI;T-shirts;LYO;Lyon;XL;86
TS-F-150-GRI;T-shirts;LYO;Lyon;XXL;43
TS-F-150-GRI;T-shirts;BCN;Barcelone;XS;21
TS-F-150-GRI;T-shirts;BCN;Barcelone;S;57
TS-F-150-GRI;T-shirts;BCN;Barcelone;M;100
TS-F-150-GRI;T-shirts;BCN;Barcelone;L;93
TS-F-150-GRI;T-shirts;BCN;Barcelone;XL;57
TS-F-150-GRI;T-shirts;BCN;Barcelone;XXL;28
TS-F-150-GRI;T-shirts;MIL;Milan;XS;17
TS-F-150-GRI;T-shirts;MIL;Milan;S;46
TS-F-150-GRI;T-shirts;MIL;Milan;M;80
TS-F-150-GRI;T-shirts;MIL;Milan;L;74
TS-F-150-GRI;T-shirts;MIL;Milan;XL;46
TS-F-150-GRI;T-shirts;MIL;Milan;XXL;23
TS-F-150-ROU;T-shirts;LIL;Lille;XS;28
TS-F-150-ROU;T-shirts;LIL;Lille;S;75
TS-F-150-ROU;T-shirts;LIL;Lille;M;132
TS-F-150-ROU;T-shirts;LIL;Lille;L;122
TS-F-150-ROU;T-shirts;LIL;Lille;XL;75
TS-F-150-ROU;T-shirts;LIL;Lille;XXL;37
TS-F-150-ROU;T-shirts;LYO;Lyon;XS;24
TS-F-150-ROU;T-shirts;LYO;Lyon;S;66
TS-F-150-ROU;T-shirts;LYO;Lyon;M;116
TS-F-150-ROU;T-shirts;LYO;Lyon;L;108
TS-F-150-ROU;T-shirts;LYO;Lyon;XL;66
TS-F-150-ROU;T-shirts;LYO;Lyon;XXL;33
TS-F-150-ROU;T-shirts;BCN;Barcelone;XS;16
TS-F-150-ROU;T-shirts;BCN;Barcelone;S;44
TS-F-150-ROU;T-shirts;BCN;Barcelone;M;77
TS-F-150-ROU;T-shirts;BCN;Barcelone;L;72
TS-F-150-ROU;T-shirts;BCN;Barcelone;XL;44
TS-F-150-ROU;T-shirts;BCN;Barcelone;XXL;22
TS-F-150-ROU;T-shirts;MIL;Milan;XS;13
TS-F-150-ROU;T-shirts;MIL;Milan;S;35
TS-F-150-ROU;T-shirts;MIL;Milan;M;62
TS-F-150-ROU;T-shirts;MIL;Milan;L;57
TS-F-150-ROU;T-shirts;MIL;Milan;XL;35
TS-F-150-ROU;T-shirts;MIL;Milan;XXL;17
TS-F-150-VER;T-shirts;LIL;Lille;XS;22
TS-F-150-VER;T-shirts;LIL;Lille;S;59
TS-F-150-VER;T-shirts;LIL;Lille;M;104
TS-F-150-VER;T-shirts;LIL;Lille;L;97
TS-F-150-VER;T-shirts;LIL;Lille;XL;59
TS-F-150-VER;T-shirts;LIL;Lille;XXL;29
TS-F-150-VER;T-shirts;LYO;Lyon;XS;19
TS-F-150-VER;T-shirts;LYO;Lyon;S;52
TS-F-150-VER;T-shirts;LYO;Lyon;M;92
TS-F-150-VER;T-shirts;LYO;Lyon;L;85
TS-F-150-VER;T-shirts;LYO;Lyon;XL;52
TS-F-150-VER;T-shirts;LYO;Lyon;XXL;26
TS-F-150-VER;T-shirts;BCN;Barcelone;XS;13
TS-F-150-VER;T-shirts;BCN;Barcelone;S;35
TS-F-150-VER;T-shirts;BCN;Barcelone;M;61
TS-F-150-VER;T-shirts;BCN;Barcelone;L;57
TS-F-150-VER;T-shirts;BCN;Barcelone;XL;35
TS-F-150-VER;T-shirts;BCN;Barcelone;XXL;17
TS-F-150-VER;T-shirts;MIL;Milan;XS;10
TS-F-150-VER;T-shirts;MIL;Milan;S;28
TS-F-150-VER;T-shirts;MIL;Milan;M;49
TS-F-150-VER;T-shirts;MIL;Milan;L;45
TS-F-150-VER;T-shirts;MIL;Milan;XL;28
TS-F-150-VER;T-shirts;MIL;Milan;XXL;14
TS-F-150-BLE;T-shirts;LIL;Lille;XS;32
TS-F-150-BLE;T-shirts;LIL;Lille;S;87
TS-F-150-BLE;T-shirts;LIL;Lille;M;153
TS-F-150-BLE;T-shirts;LIL;Lille;L;142
TS-F-150-BLE;T-shirts;LIL;Lille;XL;87
TS-F-150-BLE;T-shirts;LIL;Lille;XXL;43
TS-F-150-BLE;T-shirts;LYO;Lyon;XS;29
TS-F-150-BLE;T-shirts;LYO;Lyon;S;77
TS-F-150-BLE;T-shirts;LYO;Lyon;M;135
TS-F-150-BLE;T-shirts;LYO;Lyon;L;125
TS-F-150-BLE;T-shirts;LYO;Lyon;XL;77
TS-F-150-BLE;T-shirts;LYO;Lyon;XXL;38
TS-F-150-BLE;T-shirts;BCN;Barcelone;XS;19
TS-F-150-BLE;T-shirts;BCN;Barcelone;S;51
TS-F-150-BLE;T-shirts;BCN;Barcelone;M;90
TS-F-150-BLE;T-shirts;BCN;Barcelone;L;83
TS-F-150-BLE;T-shirts;BCN;Barcelone;XL;51
TS-F-150-BLE;T-shirts;BCN;Barcelone;XXL;25
TS-F-150-BLE;T-shirts;MIL;Milan;XS;15
TS-F-150-BLE;T-shirts;MIL;Milan;S;41
TS-F-150-BLE;T-shirts;MIL;Milan;M;72
TS-F-150-BLE;T-shirts;MIL;Milan;L;67
TS-F-150-BLE;T-shirts;MIL;Milan;XL;41
TS-F-150-BLE;T-shirts;MIL;Milan;XXL;20
TS-F-150-SAB;T-shirts;LIL;Lille;XS;23
TS-F-150-SAB;T-shirts;LIL;Lille;S;61
TS-F-150-SAB;T-shirts;LIL;Lille;M;108
TS-F-150-SAB;T-shirts;LIL;Lille;L;100
TS-F-150-SAB;T-shirts;LIL;Lille;XL;61
TS-F-150-SAB;T-shirts;LIL;Lille;XXL;30
TS-F-150-SAB;T-shirts;LYO;Lyon;XS;20
TS-F-150-SAB;T-shirts;LYO;Lyon;S;54
TS-F-150-SAB;T-shirts;LYO;Lyon;M;95
TS-F-150-SAB;T-shirts;LYO;Lyon;L;88
TS-F-150-SAB;T-shirts;LYO;Lyon;XL;54
TS-F-150-SAB;T-shirts;LYO;Lyon;XXL;27
TS-F-150-SAB;T-shirts;BCN;Barcelone;XS;13
TS-F-150-SAB;T-shirts;BCN;Barcelone;S;36
TS-F-150-SAB;T-shirts;BCN;Barcelone;M;63
TS-F-150-SAB;T-shirts;BCN;Barcelone;L;59
TS-F-150-SAB;T-shirts;BCN;Barcelone;XL;36
TS-F-150-SAB;T-shirts;BCN;Barcelone;XXL;18
TS-F-150-SAB;T-shirts;MIL;Milan;XS;10
TS-F-150-SAB;T-shirts;MIL;Milan;S;29
TS-F-150-SAB;T-shirts;MIL;Milan;M;50
TS-F-150-SAB;T-shirts;MIL;Milan;L;47
TS-F-150-SAB;T-shirts;MIL;Milan;XL;29
TS-F-150-SAB;T-shirts;MIL;Milan;XXL;14
TS-E-150-BLA;T-shirts;LIL;Lille;XS;49
TS-E-150-BLA;T-shirts;LIL;Lille;S;131
TS-E-150-BLA;T-shirts;LIL;Lille;M;230
TS-E-150-BLA;T-shirts;LIL;Lille;L;213
TS-E-150-BLA;T-shirts;LIL;Lille;XL;131
TS-E-150-BLA;T-shirts;LIL;Lille;XXL;65
TS-E-150-BLA;T-shirts;LYO;Lyon;XS;43
TS-E-150-BLA;T-shirts;LYO;Lyon;S;116
TS-E-150-BLA;T-shirts;LYO;Lyon;M;203
TS-E-150-BLA;T-shirts;LYO;Lyon;L;188
TS-E-150-BLA;T-shirts;LYO;Lyon;XL;116
TS-E-150-BLA;T-shirts;LYO;Lyon;XXL;58
TS-E-150-BLA;T-shirts;BCN;Barcelone;XS;29
TS-E-150-BLA;T-shirts;BCN;Barcelone;S;77
TS-E-150-BLA;T-shirts;BCN;Barcelone;M;135
TS-E-150-BLA;T-shirts;BCN;Barcelone;L;125
TS-E-150-BLA;T-shirts;BCN;Barcelone;XL;77
TS-E-150-BLA;T-shirts;BCN;Barcelone;XXL;38
TS-E-150-BLA;T-shirts;MIL;Milan;XS;23
TS-E-150-BLA;T-shirts;MIL;Milan;S;61
TS-E-150-BLA;T-shirts;MIL;Milan;M;108
TS-E-150-BLA;T-shirts;MIL;Milan;L;100
TS-E-150-BLA;T-shirts;MIL;Milan;XL;61
TS-E-150-BLA;T-shirts;MIL;Milan;XXL;30
TS-E-150-NOI;T-shirts;LIL;Lille;XS;43
TS-E-150-NOI;T-shirts;LIL;Lille;S;114
TS-E-150-NOI;T-shirts;LIL;Lille;M;200
TS-E-150-NOI;T-shirts;LIL;Lille;L;186
TS-E-150-NOI;T-shirts;LIL;Lille;XL;114
TS-E-150-NOI;T-shirts;LIL;Lille;XXL;57
TS-E-150-NOI;T-shirts;LYO;Lyon;XS;37
TS-E-150-NOI;T-shirts;LYO;Lyon;S;101
TS-E-150-NOI;T-shirts;LYO;Lyon;M;177
TS-E-150-NOI;T-shirts;LYO;Lyon;L;164
TS-E-150-NOI;T-shirts;LYO;Lyon;XL;101
TS-E-150-NOI;T-shirts;LYO;Lyon;XXL;50
TS-E-150-NOI;T-shirts;BCN;Barcelone;XS;25
TS-E-150-NOI;T-shirts;BCN;Barcelone;S;67
TS-E-150-NOI;T-shirts;BCN;Barcelone;M;118
TS-E-150-NOI;T-shirts;BCN;Barcelone;L;109
TS-E-150-NOI;T-shirts;BCN;Barcelone;XL;67
TS-E-150-NOI;T-shirts;BCN;Barcelone;XXL;33
TS-E-150-NOI;T-shirts;MIL;Milan;XS;20
TS-E-150-NOI;T-shirts;MIL;Milan;S;54
TS-E-150-NOI;T-shirts;MIL;Milan;M;94
TS-E-150-NOI;T-shirts;MIL;Milan;L;87
TS-E-150-NOI;T-shirts;MIL;Milan;XL;54
TS-E-150-NOI;T-shirts;MIL;Milan;XXL;27
TS-E-150-MAR;T-shirts;LIL;Lille;XS;48
TS-E-150-MAR;T-shirts;LIL;Lille;S;129
TS-E-150-MAR;T-shirts;LIL;Lille;M;226
TS-E-150-MAR;T-shirts;LIL;Lille;L;210
TS-E-150-MAR;T-shirts;LIL;Lille;XL;129
TS-E-150-MAR;T-shirts;LIL;Lille;XXL;64
TS-E-150-MAR;T-shirts;LYO;Lyon;XS;42
TS-E-150-MAR;T-shirts;LYO;Lyon;S;114
TS-E-150-MAR;T-shirts;LYO;Lyon;M;199
TS-E-150-MAR;T-shirts;LYO;Lyon;L;185
TS-E-150-MAR;T-shirts;LYO;Lyon;XL;114
TS-E-150-MAR;T-shirts;LYO;Lyon;XXL;57
TS-E-150-MAR;T-shirts;BCN;Barcelone;XS;28
TS-E-150-MAR;T-shirts;BCN;Barcelone;S;76
TS-E-150-MAR;T-shirts;BCN;Barcelone;M;133
TS-E-150-MAR;T-shirts;BCN;Barcelone;L;123
TS-E-150-MAR;T-shirts;BCN;Barcelone;XL;76
TS-E-150-MAR;T-shirts;BCN;Barcelone;XXL;38
TS-E-150-MAR;T-shirts;MIL;Milan;XS;22
TS-E-150-MAR;T-shirts;MIL;Milan;S;60
TS-E-150-MAR;T-shirts;MIL;Milan;M;106
TS-E-150-MAR;T-shirts;MIL;Milan;L;98
TS-E-150-MAR;T-shirts;MIL;Milan;XL;60
TS-E-150-MAR;T-shirts;MIL;Milan;XXL;30
TS-E-150-GRI;T-shirts;LIL;Lille;XS;22
TS-E-150-GRI;T-shirts;LIL;Lille;S;59
TS-E-150-GRI;T-shirts;LIL;Lille;M;103
TS-E-150-GRI;T-shirts;LIL;Lille;L;96
TS-E-150-GRI;T-shirts;LIL;Lille;XL;59
TS-E-150-GRI;T-shirts;LIL;Lille;XXL;29
TS-E-150-GRI;T-shirts;LYO;Lyon;XS;19
TS-E-150-GRI;T-shirts;LYO;Lyon;S;52
TS-E-150-GRI;T-shirts;LYO;Lyon;M;91
TS-E-150-GRI;T-shirts;LYO;Lyon;L;84
TS-E-150-GRI;T-shirts;LYO;Lyon;XL;52
TS-E-150-GRI;T-shirts;LYO;Lyon;XXL;26
TS-E-150-GRI;T-shirts;BCN;Barcelone;XS;13
TS-E-150-GRI;T-shirts;BCN;Barcelone;S;34
TS-E-150-GRI;T-shirts;BCN;Barcelone;M;60
TS-E-150-GRI;T-shirts;BCN;Barcelone;L;56
TS-E-150-GRI;T-shirts;BCN;Barcelone;XL;34
TS-E-150-GRI;T-shirts;BCN;Barcelone;XXL;17
TS-E-150-GRI;T-shirts;MIL;Milan;XS;10
TS-E-150-GRI;T-shirts;MIL;Milan;S;27
TS-E-150-GRI;T-shirts;MIL;Milan;M;48
TS-E-150-GRI;T-shirts;MIL;Milan;L;45
TS-E-150-GRI;T-shirts;MIL;Milan;XL;27
TS-E-150-GRI;T-shirts;MIL;Milan;XXL;13
PO-180-BLA;Polos;LIL;Lille;XS;29
PO-180-BLA;Polos;LIL;Lille;S;79
PO-180-BLA;Polos;LIL;Lille;M;139
PO-180-BLA;Polos;LIL;Lille;L;129
PO-180-BLA;Polos;LIL;Lille;XL;79
PO-180-BLA;Polos;LIL;Lille;XXL;39
PO-180-BLA;Polos;LYO;Lyon;XS;26
PO-180-BLA;Polos;LYO;Lyon;S;70
PO-180-BLA;Polos;LYO;Lyon;M;123
PO-180-BLA;Polos;LYO;Lyon;L;114
PO-180-BLA;Polos;LYO;Lyon;XL;70
PO-180-BLA;Polos;LYO;Lyon;XXL;35
PO-180-BLA;Polos;BCN;Barcelone;XS;17
PO-180-BLA;Polos;BCN;Barcelone;S;47
PO-180-BLA;Polos;BCN;Barcelone;M;82
PO-180-BLA;Polos;BCN;Barcelone;L;76
PO-180-BLA;Polos;BCN;Barcelone;XL;47
PO-180-BLA;Polos;BCN;Barcelone;XXL;23
PO-180-BLA;Polos;MIL;Milan;XS;14
PO-180-BLA;Polos;MIL;Milan;S;37
PO-180-BLA;Polos;MIL;Milan;M;65
PO-180-BLA;Polos;MIL;Milan;L;61
PO-180-BLA;Polos;MIL;Milan;XL;37
PO-180-BLA;Polos;MIL;Milan;XXL;18
PO-180-NOI;Polos;LIL;Lille;XS;20
PO-180-NOI;Polos;LIL;Lille;S;53
PO-180-NOI;Polos;LIL;Lille;M;93
PO-180-NOI;Polos;LIL;Lille;L;86
PO-180-NOI;Polos;LIL;Lille;XL;53
PO-180-NOI;Polos;LIL;Lille;XXL;26
PO-180-NOI;Polos;LYO;Lyon;XS;17
PO-180-NOI;Polos;LYO;Lyon;S;47
PO-180-NOI;Polos;LYO;Lyon;M;82
PO-180-NOI;Polos;LYO;Lyon;L;76
PO-180-NOI;Polos;LYO;Lyon;XL;47
PO-180-NOI;Polos;LYO;Lyon;XXL;23
PO-180-NOI;Polos;BCN;Barcelone;XS;11
PO-180-NOI;Polos;BCN;Barcelone;S;31
PO-180-NOI;Polos;BCN;Barcelone;M;55
PO-180-NOI;Polos;BCN;Barcelone;L;51
PO-180-NOI;Polos;BCN;Barcelone;XL;31
PO-180-NOI;Polos;BCN;Barcelone;XXL;15
PO-180-NOI;Polos;MIL;Milan;XS;9
PO-180-NOI;Polos;MIL;Milan;S;25
PO-180-NOI;Polos;MIL;Milan;M;44
PO-180-NOI;Polos;MIL;Milan;L;40
PO-180-NOI;Polos;MIL;Milan;XL;25
PO-180-NOI;Polos;MIL;Milan;XXL;12
PO-180-MAR;Polos;LIL;Lille;XS;30
PO-180-MAR;Polos;LIL;Lille;S;80
PO-180-MAR;Polos;LIL;Lille;M;140
PO-180-MAR;Polos;LIL;Lille;L;130
PO-180-MAR;Polos;LIL;Lille;XL;80
PO-180-MAR;Polos;LIL;Lille;XXL;40
PO-180-MAR;Polos;LYO;Lyon;XS;26
PO-180-MAR;Polos;LYO;Lyon;S;70
PO-180-MAR;Polos;LYO;Lyon;M;123
PO-180-MAR;Polos;LYO;Lyon;L;114
PO-180-MAR;Polos;LYO;Lyon;XL;70
PO-180-MAR;Polos;LYO;Lyon;XXL;35
PO-180-MAR;Polos;BCN;Barcelone;XS;17
PO-180-MAR;Polos;BCN;Barcelone;S;47
PO-180-MAR;Polos;BCN;Barcelone;M;82
PO-180-MAR;Polos;BCN;Barcelone;L;76
PO-180-MAR;Polos;BCN;Barcelone;XL;47
PO-180-MAR;Polos;BCN;Barcelone;XXL;23
PO-180-MAR;Polos;MIL;Milan;XS;14
PO-180-MAR;Polos;MIL;Milan;S;37
PO-180-MAR;Polos;MIL;Milan;M;65
PO-180-MAR;Polos;MIL;Milan;L;61
PO-180-MAR;Polos;MIL;Milan;XL;37
PO-180-MAR;Polos;MIL;Milan;XXL;18
PO-180-GRI;Polos;LIL;Lille;XS;15
PO-180-GRI;Polos;LIL;Lille;S;42
PO-180-GRI;Polos;LIL;Lille;M;73
PO-180-GRI;Polos;LIL;Lille;L;68
PO-180-GRI;Polos;LIL;Lille;XL;42
PO-180-GRI;Polos;LIL;Lille;XXL;21
PO-180-GRI;Polos;LYO;Lyon;XS;13
PO-180-GRI;Polos;LYO;Lyon;S;37
PO-180-GRI;Polos;LYO;Lyon;M;64
PO-180-GRI;Polos;LYO;Lyon;L;60
PO-180-GRI;Polos;LYO;Lyon;XL;37
PO-180-GRI;Polos;LYO;Lyon;XXL;18
PO-180-GRI;Polos;BCN;Barcelone;XS;9
PO-180-GRI;Polos;BCN;Barcelone;S;24
PO-180-GRI;Polos;BCN;Barcelone;M;43
PO-180-GRI;Polos;BCN;Barcelone;L;40
PO-180-GRI;Polos;BCN;Barcelone;XL;24
PO-180-GRI;Polos;BCN;Barcelone;XXL;12
PO-180-GRI;Polos;MIL;Milan;XS;7
PO-180-GRI;Polos;MIL;Milan;S;19
PO-180-GRI;Polos;MIL;Milan;M;34
PO-180-GRI;Polos;MIL;Milan;L;32
PO-180-GRI;Polos;MIL;Milan;XL;19
PO-180-GRI;Polos;MIL;Milan;XXL;9
PO-180-ROU;Polos;LIL;Lille;XS;10
PO-180-ROU;Polos;LIL;Lille;S;27
PO-180-ROU;Polos;LIL;Lille;M;48
PO-180-ROU;Polos;LIL;Lille;L;44
PO-180-ROU;Polos;LIL;Lille;XL;27
PO-180-ROU;Polos;LIL;Lille;XXL;13
PO-180-ROU;Polos;LYO;Lyon;XS;9
PO-180-ROU;Polos;LYO;Lyon;S;24
PO-180-ROU;Polos;LYO;Lyon;M;42
PO-180-ROU;Polos;LYO;Lyon;L;39
PO-180-ROU;Polos;LYO;Lyon;XL;24
PO-180-ROU;Polos;LYO;Lyon;XXL;12
PO-180-ROU;Polos;BCN;Barcelone;XS;6
PO-180-ROU;Polos;BCN;Barcelone;S;16
PO-180-ROU;Polos;BCN;Barcelone;M;28
PO-180-ROU;Polos;BCN;Barcelone;L;26
PO-180-ROU;Polos;BCN;Barcelone;XL;16
PO-180-ROU;Polos;BCN;Barcelone;XXL;8
PO-180-ROU;Polos;MIL;Milan;XS;4
PO-180-ROU;Polos;MIL;Milan;S;12
PO-180-ROU;Polos;MIL;Milan;M;22
PO-180-ROU;Polos;MIL;Milan;L;21
PO-180-ROU;Polos;MIL;Milan;XL;12
PO-180-ROU;Polos;MIL;Milan;XXL;6
PO-180-VER;Polos;LIL;Lille;XS;15
PO-180-VER;Polos;LIL;Lille;S;42
PO-180-VER;Polos;LIL;Lille;M;73
PO-180-VER;Polos;LIL;Lille;L;68
PO-180-VER;Polos;LIL;Lille;XL;42
PO-180-VER;Polos;LIL;Lille;XXL;21
PO-180-VER;Polos;LYO;Lyon;XS;13
PO-180-VER;Polos;LYO;Lyon;S;37
PO-180-VER;Polos;LYO;Lyon;M;64
PO-180-VER;Polos;LYO;Lyon;L;60
PO-180-VER;Polos;LYO;Lyon;XL;37
PO-180-VER;Polos;LYO;Lyon;XXL;18
PO-180-VER;Polos;BCN;Barcelone;XS;9
PO-180-VER;Polos;BCN;Barcelone;S;24
PO-180-VER;Polos;BCN;Barcelone;M;43
PO-180-VER;Polos;BCN;Barcelone;L;40
PO-180-VER;Polos;BCN;Barcelone;XL;24
PO-180-VER;Polos;BCN;Barcelone;XXL;12
PO-180-VER;Polos;MIL;Milan;XS;7
PO-180-VER;Polos;MIL;Milan;S;19
PO-180-VER;Polos;MIL;Milan;M;34
PO-180-VER;Polos;MIL;Milan;L;32
PO-180-VER;Polos;MIL;Milan;XL;19
PO-180-VER;Polos;MIL;Milan;XXL;9
PO-180-BLE;Polos;LIL;Lille;XS;18
PO-180-BLE;Polos;LIL;Lille;S;48
PO-180-BLE;Polos;LIL;Lille;M;84
PO-180-BLE;Polos;LIL;Lille;L;78
PO-180-BLE;Polos;LIL;Lille;XL;48
PO-180-BLE;Polos;LIL;Lille;XXL;24
PO-180-BLE;Polos;LYO;Lyon;XS;15
PO-180-BLE;Polos;LYO;Lyon;S;42
PO-180-BLE;Polos;LYO;Lyon;M;74
PO-180-BLE;Polos;LYO;Lyon;L;69
PO-180-BLE;Polos;LYO;Lyon;XL;42
PO-180-BLE;Polos;LYO;Lyon;XXL;21
PO-180-BLE;Polos;BCN;Barcelone;XS;10
PO-180-BLE;Polos;BCN;Barcelone;S;28
PO-180-BLE;Polos;BCN;Barcelone;M;49
PO-180-BLE;Polos;BCN;Barcelone;L;46
PO-180-BLE;Polos;BCN;Barcelone;XL;28
PO-180-BLE;Polos;BCN;Barcelone;XXL;14
PO-180-BLE;Polos;MIL;Milan;XS;8
PO-180-BLE;Polos;MIL;Milan;S;22
PO-180-BLE;Polos;MIL;Milan;M;39
PO-180-BLE;Polos;MIL;Milan;L;36
PO-180-BLE;Polos;MIL;Milan;XL;22
PO-180-BLE;Polos;MIL;Milan;XXL;11
PO-180-SAB;Polos;LIL;Lille;XS;13
PO-180-SAB;Polos;LIL;Lille;S;36
PO-180-SAB;Polos;LIL;Lille;M;63
PO-180-SAB;Polos;LIL;Lille;L;59
PO-180-SAB;Polos;LIL;Lille;XL;36
PO-180-SAB;Polos;LIL;Lille;XXL;18
PO-180-SAB;Polos;LYO;Lyon;XS;12
PO-180-SAB;Polos;LYO;Lyon;S;32
PO-180-SAB;Polos;LYO;Lyon;M;56
PO-180-SAB;Polos;LYO;Lyon;L;52
PO-180-SAB;Polos;LYO;Lyon;XL;32
PO-180-SAB;Polos;LYO;Lyon;XXL;16
PO-180-SAB;Polos;BCN;Barcelone;XS;8
PO-180-SAB;Polos;BCN;Barcelone;S;21
PO-180-SAB;Polos;BCN;Barcelone;M;37
PO-180-SAB;Polos;BCN;Barcelone;L;34
PO-180-SAB;Polos;BCN;Barcelone;XL;21
PO-180-SAB;Polos;BCN;Barcelone;XXL;10
PO-180-SAB;Polos;MIL;Milan;XS;6
PO-180-SAB;Polos;MIL;Milan;S;17
PO-180-SAB;Polos;MIL;Milan;M;30
PO-180-SAB;Polos;MIL;Milan;L;27
PO-180-SAB;Polos;MIL;Milan;XL;17
PO-180-SAB;Polos;MIL;Milan;XXL;8
PO-220-BLA;Polos;LIL;Lille;XS;26
PO-220-BLA;Polos;LIL;Lille;S;71
PO-220-BLA;Polos;LIL;Lille;M;124
PO-220-BLA;Polos;LIL;Lille;L;115
PO-220-BLA;Polos;LIL;Lille;XL;71
PO-220-BLA;Polos;LIL;Lille;XXL;35
PO-220-BLA;Polos;LYO;Lyon;XS;23
PO-220-BLA;Polos;LYO;Lyon;S;62
PO-220-BLA;Polos;LYO;Lyon;M;109
PO-220-BLA;Polos;LYO;Lyon;L;101
PO-220-BLA;Polos;LYO;Lyon;XL;62
PO-220-BLA;Polos;LYO;Lyon;XXL;31
PO-220-BLA;Polos;BCN;Barcelone;XS;15
PO-220-BLA;Polos;BCN;Barcelone;S;41
PO-220-BLA;Polos;BCN;Barcelone;M;73
PO-220-BLA;Polos;BCN;Barcelone;L;67
PO-220-BLA;Polos;BCN;Barcelone;XL;41
PO-220-BLA;Polos;BCN;Barcelone;XXL;20
PO-220-BLA;Polos;MIL;Milan;XS;12
PO-220-BLA;Polos;MIL;Milan;S;33
PO-220-BLA;Polos;MIL;Milan;M;58
PO-220-BLA;Polos;MIL;Milan;L;54
PO-220-BLA;Polos;MIL;Milan;XL;33
PO-220-BLA;Polos;MIL;Milan;XXL;16
PO-220-NOI;Polos;LIL;Lille;XS;24
PO-220-NOI;Polos;LIL;Lille;S;64
PO-220-NOI;Polos;LIL;Lille;M;113
PO-220-NOI;Polos;LIL;Lille;L;105
PO-220-NOI;Polos;LIL;Lille;XL;64
PO-220-NOI;Polos;LIL;Lille;XXL;32
PO-220-NOI;Polos;LYO;Lyon;XS;21
PO-220-NOI;Polos;LYO;Lyon;S;57
PO-220-NOI;Polos;LYO;Lyon;M;100
PO-220-NOI;Polos;LYO;Lyon;L;93
PO-220-NOI;Polos;LYO;Lyon;XL;57
PO-220-NOI;Polos;LYO;Lyon;XXL;28
PO-220-NOI;Polos;BCN;Barcelone;XS;14
PO-220-NOI;Polos;BCN;Barcelone;S;38
PO-220-NOI;Polos;BCN;Barcelone;M;66
PO-220-NOI;Polos;BCN;Barcelone;L;62
PO-220-NOI;Polos;BCN;Barcelone;XL;38
PO-220-NOI;Polos;BCN;Barcelone;XXL;19
PO-220-NOI;Polos;MIL;Milan;XS;11
PO-220-NOI;Polos;MIL;Milan;S;30
PO-220-NOI;Polos;MIL;Milan;M;53
PO-220-NOI;Polos;MIL;Milan;L;49
PO-220-NOI;Polos;MIL;Milan;XL;30
PO-220-NOI;Polos;MIL;Milan;XXL;15
PO-220-MAR;Polos;LIL;Lille;XS;18
PO-220-MAR;Polos;LIL;Lille;S;49
PO-220-MAR;Polos;LIL;Lille;M;86
PO-220-MAR;Polos;LIL;Lille;L;80
PO-220-MAR;Polos;LIL;Lille;XL;49
PO-220-MAR;Polos;LIL;Lille;XXL;24
PO-220-MAR;Polos;LYO;Lyon;XS;16
PO-220-MAR;Polos;LYO;Lyon;S;43
PO-220-MAR;Polos;LYO;Lyon;M;76
PO-220-MAR;Polos;LYO;Lyon;L;70
PO-220-MAR;Polos;LYO;Lyon;XL;43
PO-220-MAR;Polos;LYO;Lyon;XXL;21
PO-220-MAR;Polos;BCN;Barcelone;XS;10
PO-220-MAR;Polos;BCN;Barcelone;S;28
PO-220-MAR;Polos;BCN;Barcelone;M;50
PO-220-MAR;Polos;BCN;Barcelone;L;47
PO-220-MAR;Polos;BCN;Barcelone;XL;28
PO-220-MAR;Polos;BCN;Barcelone;XXL;14
PO-220-MAR;Polos;MIL;Milan;XS;8
PO-220-MAR;Polos;MIL;Milan;S;23
PO-220-MAR;Polos;MIL;Milan;M;40
PO-220-MAR;Polos;MIL;Milan;L;37
PO-220-MAR;Polos;MIL;Milan;XL;23
PO-220-MAR;Polos;MIL;Milan;XXL;11
PO-220-GRI;Polos;LIL;Lille;XS;16
PO-220-GRI;Polos;LIL;Lille;S;43
PO-220-GRI;Polos;LIL;Lille;M;76
PO-220-GRI;Polos;LIL;Lille;L;70
PO-220-GRI;Polos;LIL;Lille;XL;43
PO-220-GRI;Polos;LIL;Lille;XXL;21
PO-220-GRI;Polos;LYO;Lyon;XS;14
PO-220-GRI;Polos;LYO;Lyon;S;38
PO-220-GRI;Polos;LYO;Lyon;M;67
PO-220-GRI;Polos;LYO;Lyon;L;62
PO-220-GRI;Polos;LYO;Lyon;XL;38
PO-220-GRI;Polos;LYO;Lyon;XXL;19
PO-220-GRI;Polos;BCN;Barcelone;XS;9
PO-220-GRI;Polos;BCN;Barcelone;S;25
PO-220-GRI;Polos;BCN;Barcelone;M;44
PO-220-GRI;Polos;BCN;Barcelone;L;41
PO-220-GRI;Polos;BCN;Barcelone;XL;25
PO-220-GRI;Polos;BCN;Barcelone;XXL;12
PO-220-GRI;Polos;MIL;Milan;XS;7
PO-220-GRI;Polos;MIL;Milan;S;20
PO-220-GRI;Polos;MIL;Milan;M;35
PO-220-GRI;Polos;MIL;Milan;L;33
PO-220-GRI;Polos;MIL;Milan;XL;20
PO-220-GRI;Polos;MIL;Milan;XXL;10
PO-F-180-BLA;Polos;LIL;Lille;XS;32
PO-F-180-BLA;Polos;LIL;Lille;S;86
PO-F-180-BLA;Polos;LIL;Lille;M;152
PO-F-180-BLA;Polos;LIL;Lille;L;141
PO-F-180-BLA;Polos;LIL;Lille;XL;86
PO-F-180-BLA;Polos;LIL;Lille;XXL;43
PO-F-180-BLA;Polos;LYO;Lyon;XS;28
PO-F-180-BLA;Polos;LYO;Lyon;S;76
PO-F-180-BLA;Polos;LYO;Lyon;M;134
PO-F-180-BLA;Polos;LYO;Lyon;L;124
PO-F-180-BLA;Polos;LYO;Lyon;XL;76
PO-F-180-BLA;Polos;LYO;Lyon;XXL;38
PO-F-180-BLA;Polos;BCN;Barcelone;XS;19
PO-F-180-BLA;Polos;BCN;Barcelone;S;51
PO-F-180-BLA;Polos;BCN;Barcelone;M;89
PO-F-180-BLA;Polos;BCN;Barcelone;L;83
PO-F-180-BLA;Polos;BCN;Barcelone;XL;51
PO-F-180-BLA;Polos;BCN;Barcelone;XXL;25
PO-F-180-BLA;Polos;MIL;Milan;XS;15
PO-F-180-BLA;Polos;MIL;Milan;S;40
PO-F-180-BLA;Polos;MIL;Milan;M;71
PO-F-180-BLA;Polos;MIL;Milan;L;66
PO-F-180-BLA;Polos;MIL;Milan;XL;40
PO-F-180-BLA;Polos;MIL;Milan;XXL;20
PO-F-180-NOI;Polos;LIL;Lille;XS;29
PO-F-180-NOI;Polos;LIL;Lille;S;78
PO-F-180-NOI;Polos;LIL;Lille;M;136
PO-F-180-NOI;Polos;LIL;Lille;L;126
PO-F-180-NOI;Polos;LIL;Lille;XL;78
PO-F-180-NOI;Polos;LIL;Lille;XXL;39
PO-F-180-NOI;Polos;LYO;Lyon;XS;25
PO-F-180-NOI;Polos;LYO;Lyon;S;68
PO-F-180-NOI;Polos;LYO;Lyon;M;120
PO-F-180-NOI;Polos;LYO;Lyon;L;111
PO-F-180-NOI;Polos;LYO;Lyon;XL;68
PO-F-180-NOI;Polos;LYO;Lyon;XXL;34
PO-F-180-NOI;Polos;BCN;Barcelone;XS;17
PO-F-180-NOI;Polos;BCN;Barcelone;S;45
PO-F-180-NOI;Polos;BCN;Barcelone;M;80
PO-F-180-NOI;Polos;BCN;Barcelone;L;74
PO-F-180-NOI;Polos;BCN;Barcelone;XL;45
PO-F-180-NOI;Polos;BCN;Barcelone;XXL;22
PO-F-180-NOI;Polos;MIL;Milan;XS;13
PO-F-180-NOI;Polos;MIL;Milan;S;36
PO-F-180-NOI;Polos;MIL;Milan;M;64
PO-F-180-NOI;Polos;MIL;Milan;L;59
PO-F-180-NOI;Polos;MIL;Milan;XL;36
PO-F-180-NOI;Polos;MIL;Milan;XXL;18
PO-F-180-MAR;Polos;LIL;Lille;XS;21
PO-F-180-MAR;Polos;LIL;Lille;S;57
PO-F-180-MAR;Polos;LIL;Lille;M;100
PO-F-180-MAR;Polos;LIL;Lille;L;93
PO-F-180-MAR;Polos;LIL;Lille;XL;57
PO-F-180-MAR;Polos;LIL;Lille;XXL;28
PO-F-180-MAR;Polos;LYO;Lyon;XS;19
PO-F-180-MAR;Polos;LYO;Lyon;S;50
PO-F-180-MAR;Polos;LYO;Lyon;M;88
PO-F-180-MAR;Polos;LYO;Lyon;L;82
PO-F-180-MAR;Polos;LYO;Lyon;XL;50
PO-F-180-MAR;Polos;LYO;Lyon;XXL;25
PO-F-180-MAR;Polos;BCN;Barcelone;XS;12
PO-F-180-MAR;Polos;BCN;Barcelone;S;33
PO-F-180-MAR;Polos;BCN;Barcelone;M;59
PO-F-180-MAR;Polos;BCN;Barcelone;L;55
PO-F-180-MAR;Polos;BCN;Barcelone;XL;33
PO-F-180-MAR;Polos;BCN;Barcelone;XXL;16
PO-F-180-MAR;Polos;MIL;Milan;XS;10
PO-F-180-MAR;Polos;MIL;Milan;S;27
PO-F-180-MAR;Polos;MIL;Milan;M;47
PO-F-180-MAR;Polos;MIL;Milan;L;44
PO-F-180-MAR;Polos;MIL;Milan;XL;27
PO-F-180-MAR;Polos;MIL;Milan;XXL;13
PO-F-180-GRI;Polos;LIL;Lille;XS;16
PO-F-180-GRI;Polos;LIL;Lille;S;44
PO-F-180-GRI;Polos;LIL;Lille;M;78
PO-F-180-GRI;Polos;LIL;Lille;L;72
PO-F-180-GRI;Polos;LIL;Lille;XL;44
PO-F-180-GRI;Polos;LIL;Lille;XXL;22
PO-F-180-GRI;Polos;LYO;Lyon;XS;14
PO-F-180-GRI;Polos;LYO;Lyon;S;39
PO-F-180-GRI;Polos;LYO;Lyon;M;69
PO-F-180-GRI;Polos;LYO;Lyon;L;64
PO-F-180-GRI;Polos;LYO;Lyon;XL;39
PO-F-180-GRI;Polos;LYO;Lyon;XXL;19
PO-F-180-GRI;Polos;BCN;Barcelone;XS;9
PO-F-180-GRI;Polos;BCN;Barcelone;S;26
PO-F-180-GRI;Polos;BCN;Barcelone;M;46
PO-F-180-GRI;Polos;BCN;Barcelone;L;42
PO-F-180-GRI;Polos;BCN;Barcelone;XL;26
PO-F-180-GRI;Polos;BCN;Barcelone;XXL;13
PO-F-180-GRI;Polos;MIL;Milan;XS;7
PO-F-180-GRI;Polos;MIL;Milan;S;21
PO-F-180-GRI;Polos;MIL;Milan;M;36
PO-F-180-GRI;Polos;MIL;Milan;L;34
PO-F-180-GRI;Polos;MIL;Milan;XL;21
PO-F-180-GRI;Polos;MIL;Milan;XXL;10
PO-F-180-ROU;Polos;LIL;Lille;XS;10
PO-F-180-ROU;Polos;LIL;Lille;S;26
PO-F-180-ROU;Polos;LIL;Lille;M;47
PO-F-180-ROU;Polos;LIL;Lille;L;43
PO-F-180-ROU;Polos;LIL;Lille;XL;26
PO-F-180-ROU;Polos;LIL;Lille;XXL;13
PO-F-180-ROU;Polos;LYO;Lyon;XS;8
PO-F-180-ROU;Polos;LYO;Lyon;S;23
PO-F-180-ROU;Polos;LYO;Lyon;M;41
PO-F-180-ROU;Polos;LYO;Lyon;L;38
PO-F-180-ROU;Polos;LYO;Lyon;XL;23
PO-F-180-ROU;Polos;LYO;Lyon;XXL;11
PO-F-180-ROU;Polos;BCN;Barcelone;XS;5
PO-F-180-ROU;Polos;BCN;Barcelone;S;15
PO-F-180-ROU;Polos;BCN;Barcelone;M;27
PO-F-180-ROU;Polos;BCN;Barcelone;L;25
PO-F-180-ROU;Polos;BCN;Barcelone;XL;15
PO-F-180-ROU;Polos;BCN;Barcelone;XXL;7
PO-F-180-ROU;Polos;MIL;Milan;XS;4
PO-F-180-ROU;Polos;MIL;Milan;S;12
PO-F-180-ROU;Polos;MIL;Milan;M;22
PO-F-180-ROU;Polos;MIL;Milan;L;20
PO-F-180-ROU;Polos;MIL;Milan;XL;12
PO-F-180-ROU;Polos;MIL;Milan;XXL;6
PO-F-180-VER;Polos;LIL;Lille;XS;14
PO-F-180-VER;Polos;LIL;Lille;S;38
PO-F-180-VER;Polos;LIL;Lille;M;66
PO-F-180-VER;Polos;LIL;Lille;L;61
PO-F-180-VER;Polos;LIL;Lille;XL;38
PO-F-180-VER;Polos;LIL;Lille;XXL;19
PO-F-180-VER;Polos;LYO;Lyon;XS;12
PO-F-180-VER;Polos;LYO;Lyon;S;33
PO-F-180-VER;Polos;LYO;Lyon;M;58
PO-F-180-VER;Polos;LYO;Lyon;L;54
PO-F-180-VER;Polos;LYO;Lyon;XL;33
PO-F-180-VER;Polos;LYO;Lyon;XXL;16
PO-F-180-VER;Polos;BCN;Barcelone;XS;8
PO-F-180-VER;Polos;BCN;Barcelone;S;22
PO-F-180-VER;Polos;BCN;Barcelone;M;39
PO-F-180-VER;Polos;BCN;Barcelone;L;36
PO-F-180-VER;Polos;BCN;Barcelone;XL;22
PO-F-180-VER;Polos;BCN;Barcelone;XXL;11
PO-F-180-VER;Polos;MIL;Milan;XS;6
PO-F-180-VER;Polos;MIL;Milan;S;17
PO-F-180-VER;Polos;MIL;Milan;M;31
PO-F-180-VER;Polos;MIL;Milan;L;29
PO-F-180-VER;Polos;MIL;Milan;XL;17
PO-F-180-VER;Polos;MIL;Milan;XXL;8
PO-F-180-BLE;Polos;LIL;Lille;XS;13
PO-F-180-BLE;Polos;LIL;Lille;S;35
PO-F-180-BLE;Polos;LIL;Lille;M;62
PO-F-180-BLE;Polos;LIL;Lille;L;58
PO-F-180-BLE;Polos;LIL;Lille;XL;35
PO-F-180-BLE;Polos;LIL;Lille;XXL;17
PO-F-180-BLE;Polos;LYO;Lyon;XS;11
PO-F-180-BLE;Polos;LYO;Lyon;S;31
PO-F-180-BLE;Polos;LYO;Lyon;M;55
PO-F-180-BLE;Polos;LYO;Lyon;L;51
PO-F-180-BLE;Polos;LYO;Lyon;XL;31
PO-F-180-BLE;Polos;LYO;Lyon;XXL;15
PO-F-180-BLE;Polos;BCN;Barcelone;XS;7
PO-F-180-BLE;Polos;BCN;Barcelone;S;21
PO-F-180-BLE;Polos;BCN;Barcelone;M;36
PO-F-180-BLE;Polos;BCN;Barcelone;L;34
PO-F-180-BLE;Polos;BCN;Barcelone;XL;21
PO-F-180-BLE;Polos;BCN;Barcelone;XXL;10
PO-F-180-BLE;Polos;MIL;Milan;XS;6
PO-F-180-BLE;Polos;MIL;Milan;S;16
PO-F-180-BLE;Polos;MIL;Milan;M;29
PO-F-180-BLE;Polos;MIL;Milan;L;27
PO-F-180-BLE;Polos;MIL;Milan;XL;16
PO-F-180-BLE;Polos;MIL;Milan;XXL;8
PO-F-180-SAB;Polos;LIL;Lille;XS;17
PO-F-180-SAB;Polos;LIL;Lille;S;47
PO-F-180-SAB;Polos;LIL;Lille;M;83
PO-F-180-SAB;Polos;LIL;Lille;L;77
PO-F-180-SAB;Polos;LIL;Lille;XL;47
PO-F-180-SAB;Polos;LIL;Lille;XXL;23
PO-F-180-SAB;Polos;LYO;Lyon;XS;15
PO-F-180-SAB;Polos;LYO;Lyon;S;41
PO-F-180-SAB;Polos;LYO;Lyon;M;73
PO-F-180-SAB;Polos;LYO;Lyon;L;68
PO-F-180-SAB;Polos;LYO;Lyon;XL;41
PO-F-180-SAB;Polos;LYO;Lyon;XXL;20
PO-F-180-SAB;Polos;BCN;Barcelone;XS;10
PO-F-180-SAB;Polos;BCN;Barcelone;S;27
PO-F-180-SAB;Polos;BCN;Barcelone;M;48
PO-F-180-SAB;Polos;BCN;Barcelone;L;45
PO-F-180-SAB;Polos;BCN;Barcelone;XL;27
PO-F-180-SAB;Polos;BCN;Barcelone;XXL;13
PO-F-180-SAB;Polos;MIL;Milan;XS;8
PO-F-180-SAB;Polos;MIL;Milan;S;22
PO-F-180-SAB;Polos;MIL;Milan;M;39
PO-F-180-SAB;Polos;MIL;Milan;L;36
PO-F-180-SAB;Polos;MIL;Milan;XL;22
PO-F-180-SAB;Polos;MIL;Milan;XXL;11
SP-140-BLA;Sport;LIL;Lille;XS;25
SP-140-BLA;Sport;LIL;Lille;S;67
SP-140-BLA;Sport;LIL;Lille;M;118
SP-140-BLA;Sport;LIL;Lille;L;110
SP-140-BLA;Sport;LIL;Lille;XL;67
SP-140-BLA;Sport;LIL;Lille;XXL;33
SP-140-BLA;Sport;LYO;Lyon;XS;22
SP-140-BLA;Sport;LYO;Lyon;S;59
SP-140-BLA;Sport;LYO;Lyon;M;104
SP-140-BLA;Sport;LYO;Lyon;L;97
SP-140-BLA;Sport;LYO;Lyon;XL;59
SP-140-BLA;Sport;LYO;Lyon;XXL;29
SP-140-BLA;Sport;BCN;Barcelone;XS;14
SP-140-BLA;Sport;BCN;Barcelone;S;39
SP-140-BLA;Sport;BCN;Barcelone;M;69
SP-140-BLA;Sport;BCN;Barcelone;L;64
SP-140-BLA;Sport;BCN;Barcelone;XL;39
SP-140-BLA;Sport;BCN;Barcelone;XXL;19
SP-140-BLA;Sport;MIL;Milan;XS;11
SP-140-BLA;Sport;MIL;Milan;S;31
SP-140-BLA;Sport;MIL;Milan;M;55
SP-140-BLA;Sport;MIL;Milan;L;51
SP-140-BLA;Sport;MIL;Milan;XL;31
SP-140-BLA;Sport;MIL;Milan;XXL;15
SP-140-NOI;Sport;LIL;Lille;XS;37
SP-140-NOI;Sport;LIL;Lille;S;100
SP-140-NOI;Sport;LIL;Lille;M;175
SP-140-NOI;Sport;LIL;Lille;L;163
SP-140-NOI;Sport;LIL;Lille;XL;100
SP-140-NOI;Sport;LIL;Lille;XXL;50
SP-140-NOI;Sport;LYO;Lyon;XS;33
SP-140-NOI;Sport;LYO;Lyon;S;88
SP-140-NOI;Sport;LYO;Lyon;M;154
SP-140-NOI;Sport;LYO;Lyon;L;143
SP-140-NOI;Sport;LYO;Lyon;XL;88
SP-140-NOI;Sport;LYO;Lyon;XXL;44
SP-140-NOI;Sport;BCN;Barcelone;XS;22
SP-140-NOI;Sport;BCN;Barcelone;S;59
SP-140-NOI;Sport;BCN;Barcelone;M;103
SP-140-NOI;Sport;BCN;Barcelone;L;95
SP-140-NOI;Sport;BCN;Barcelone;XL;59
SP-140-NOI;Sport;BCN;Barcelone;XXL;29
SP-140-NOI;Sport;MIL;Milan;XS;17
SP-140-NOI;Sport;MIL;Milan;S;47
SP-140-NOI;Sport;MIL;Milan;M;82
SP-140-NOI;Sport;MIL;Milan;L;76
SP-140-NOI;Sport;MIL;Milan;XL;47
SP-140-NOI;Sport;MIL;Milan;XXL;23
SP-140-MAR;Sport;LIL;Lille;XS;37
SP-140-MAR;Sport;LIL;Lille;S;99
SP-140-MAR;Sport;LIL;Lille;M;174
SP-140-MAR;Sport;LIL;Lille;L;162
SP-140-MAR;Sport;LIL;Lille;XL;99
SP-140-MAR;Sport;LIL;Lille;XXL;49
SP-140-MAR;Sport;LYO;Lyon;XS;33
SP-140-MAR;Sport;LYO;Lyon;S;88
SP-140-MAR;Sport;LYO;Lyon;M;154
SP-140-MAR;Sport;LYO;Lyon;L;143
SP-140-MAR;Sport;LYO;Lyon;XL;88
SP-140-MAR;Sport;LYO;Lyon;XXL;44
SP-140-MAR;Sport;BCN;Barcelone;XS;22
SP-140-MAR;Sport;BCN;Barcelone;S;58
SP-140-MAR;Sport;BCN;Barcelone;M;102
SP-140-MAR;Sport;BCN;Barcelone;L;95
SP-140-MAR;Sport;BCN;Barcelone;XL;58
SP-140-MAR;Sport;BCN;Barcelone;XXL;29
SP-140-MAR;Sport;MIL;Milan;XS;17
SP-140-MAR;Sport;MIL;Milan;S;46
SP-140-MAR;Sport;MIL;Milan;M;82
SP-140-MAR;Sport;MIL;Milan;L;76
SP-140-MAR;Sport;MIL;Milan;XL;46
SP-140-MAR;Sport;MIL;Milan;XXL;23
SP-140-GRI;Sport;LIL;Lille;XS;20
SP-140-GRI;Sport;LIL;Lille;S;53
SP-140-GRI;Sport;LIL;Lille;M;94
SP-140-GRI;Sport;LIL;Lille;L;87
SP-140-GRI;Sport;LIL;Lille;XL;53
SP-140-GRI;Sport;LIL;Lille;XXL;26
SP-140-GRI;Sport;LYO;Lyon;XS;17
SP-140-GRI;Sport;LYO;Lyon;S;47
SP-140-GRI;Sport;LYO;Lyon;M;83
SP-140-GRI;Sport;LYO;Lyon;L;77
SP-140-GRI;Sport;LYO;Lyon;XL;47
SP-140-GRI;Sport;LYO;Lyon;XXL;23
SP-140-GRI;Sport;BCN;Barcelone;XS;11
SP-140-GRI;Sport;BCN;Barcelone;S;31
SP-140-GRI;Sport;BCN;Barcelone;M;55
SP-140-GRI;Sport;BCN;Barcelone;L;51
SP-140-GRI;Sport;BCN;Barcelone;XL;31
SP-140-GRI;Sport;BCN;Barcelone;XXL;15
SP-140-GRI;Sport;MIL;Milan;XS;9
SP-140-GRI;Sport;MIL;Milan;S;25
SP-140-GRI;Sport;MIL;Milan;M;44
SP-140-GRI;Sport;MIL;Milan;L;41
SP-140-GRI;Sport;MIL;Milan;XL;25
SP-140-GRI;Sport;MIL;Milan;XXL;12
SP-140-ROU;Sport;LIL;Lille;XS;15
SP-140-ROU;Sport;LIL;Lille;S;40
SP-140-ROU;Sport;LIL;Lille;M;70
SP-140-ROU;Sport;LIL;Lille;L;65
SP-140-ROU;Sport;LIL;Lille;XL;40
SP-140-ROU;Sport;LIL;Lille;XXL;20
SP-140-ROU;Sport;LYO;Lyon;XS;13
SP-140-ROU;Sport;LYO;Lyon;S;35
SP-140-ROU;Sport;LYO;Lyon;M;62
SP-140-ROU;Sport;LYO;Lyon;L;57
SP-140-ROU;Sport;LYO;Lyon;XL;35
SP-140-ROU;Sport;LYO;Lyon;XXL;17
SP-140-ROU;Sport;BCN;Barcelone;XS;8
SP-140-ROU;Sport;BCN;Barcelone;S;23
SP-140-ROU;Sport;BCN;Barcelone;M;41
SP-140-ROU;Sport;BCN;Barcelone;L;38
SP-140-ROU;Sport;BCN;Barcelone;XL;23
SP-140-ROU;Sport;BCN;Barcelone;XXL;11
SP-140-ROU;Sport;MIL;Milan;XS;7
SP-140-ROU;Sport;MIL;Milan;S;19
SP-140-ROU;Sport;MIL;Milan;M;33
SP-140-ROU;Sport;MIL;Milan;L;30
SP-140-ROU;Sport;MIL;Milan;XL;19
SP-140-ROU;Sport;MIL;Milan;XXL;9
SP-140-VER;Sport;LIL;Lille;XS;23
SP-140-VER;Sport;LIL;Lille;S;63
SP-140-VER;Sport;LIL;Lille;M;110
SP-140-VER;Sport;LIL;Lille;L;102
SP-140-VER;Sport;LIL;Lille;XL;63
SP-140-VER;Sport;LIL;Lille;XXL;31
SP-140-VER;Sport;LYO;Lyon;XS;20
SP-140-VER;Sport;LYO;Lyon;S;55
SP-140-VER;Sport;LYO;Lyon;M;97
SP-140-VER;Sport;LYO;Lyon;L;90
SP-140-VER;Sport;LYO;Lyon;XL;55
SP-140-VER;Sport;LYO;Lyon;XXL;27
SP-140-VER;Sport;BCN;Barcelone;XS;13
SP-140-VER;Sport;BCN;Barcelone;S;37
SP-140-VER;Sport;BCN;Barcelone;M;65
SP-140-VER;Sport;BCN;Barcelone;L;60
SP-140-VER;Sport;BCN;Barcelone;XL;37
SP-140-VER;Sport;BCN;Barcelone;XXL;18
SP-140-VER;Sport;MIL;Milan;XS;11
SP-140-VER;Sport;MIL;Milan;S;29
SP-140-VER;Sport;MIL;Milan;M;52
SP-140-VER;Sport;MIL;Milan;L;48
SP-140-VER;Sport;MIL;Milan;XL;29
SP-140-VER;Sport;MIL;Milan;XXL;14
SP-140-BLE;Sport;LIL;Lille;XS;19
SP-140-BLE;Sport;LIL;Lille;S;51
SP-140-BLE;Sport;LIL;Lille;M;90
SP-140-BLE;Sport;LIL;Lille;L;83
SP-140-BLE;Sport;LIL;Lille;XL;51
SP-140-BLE;Sport;LIL;Lille;XXL;25
SP-140-BLE;Sport;LYO;Lyon;XS;17
SP-140-BLE;Sport;LYO;Lyon;S;45
SP-140-BLE;Sport;LYO;Lyon;M;79
SP-140-BLE;Sport;LYO;Lyon;L;74
SP-140-BLE;Sport;LYO;Lyon;XL;45
SP-140-BLE;Sport;LYO;Lyon;XXL;22
SP-140-BLE;Sport;BCN;Barcelone;XS;11
SP-140-BLE;Sport;BCN;Barcelone;S;30
SP-140-BLE;Sport;BCN;Barcelone;M;53
SP-140-BLE;Sport;BCN;Barcelone;L;49
SP-140-BLE;Sport;BCN;Barcelone;XL;30
SP-140-BLE;Sport;BCN;Barcelone;XXL;15
SP-140-BLE;Sport;MIL;Milan;XS;9
SP-140-BLE;Sport;MIL;Milan;S;24
SP-140-BLE;Sport;MIL;Milan;M;42
SP-140-BLE;Sport;MIL;Milan;L;39
SP-140-BLE;Sport;MIL;Milan;XL;24
SP-140-BLE;Sport;MIL;Milan;XXL;12
SP-140-SAB;Sport;LIL;Lille;XS;13
SP-140-SAB;Sport;LIL;Lille;S;34
SP-140-SAB;Sport;LIL;Lille;M;60
SP-140-SAB;Sport;LIL;Lille;L;56
SP-140-SAB;Sport;LIL;Lille;XL;34
SP-140-SAB;Sport;LIL;Lille;XXL;17
SP-140-SAB;Sport;LYO;Lyon;XS;11
SP-140-SAB;Sport;LYO;Lyon;S;30
SP-140-SAB;Sport;LYO;Lyon;M;53
SP-140-SAB;Sport;LYO;Lyon;L;49
SP-140-SAB;Sport;LYO;Lyon;XL;30
SP-140-SAB;Sport;LYO;Lyon;XXL;15
SP-140-SAB;Sport;BCN;Barcelone;XS;7
SP-140-SAB;Sport;BCN;Barcelone;S;20
SP-140-SAB;Sport;BCN;Barcelone;M;35
SP-140-SAB;Sport;BCN;Barcelone;L;33
SP-140-SAB;Sport;BCN;Barcelone;XL;20
SP-140-SAB;Sport;BCN;Barcelone;XXL;10
SP-140-SAB;Sport;MIL;Milan;XS;6
SP-140-SAB;Sport;MIL;Milan;S;16
SP-140-SAB;Sport;MIL;Milan;M;28
SP-140-SAB;Sport;MIL;Milan;L;26
SP-140-SAB;Sport;MIL;Milan;XL;16
SP-140-SAB;Sport;MIL;Milan;XXL;8
SP-MESH-BLA;Sport;LIL;Lille;XS;40
SP-MESH-BLA;Sport;LIL;Lille;S;107
SP-MESH-BLA;Sport;LIL;Lille;M;188
SP-MESH-BLA;Sport;LIL;Lille;L;174
SP-MESH-BLA;Sport;LIL;Lille;XL;107
SP-MESH-BLA;Sport;LIL;Lille;XXL;53
SP-MESH-BLA;Sport;LYO;Lyon;XS;35
SP-MESH-BLA;Sport;LYO;Lyon;S;94
SP-MESH-BLA;Sport;LYO;Lyon;M;166
SP-MESH-BLA;Sport;LYO;Lyon;L;154
SP-MESH-BLA;Sport;LYO;Lyon;XL;94
SP-MESH-BLA;Sport;LYO;Lyon;XXL;47
SP-MESH-BLA;Sport;BCN;Barcelone;XS;23
SP-MESH-BLA;Sport;BCN;Barcelone;S;63
SP-MESH-BLA;Sport;BCN;Barcelone;M;110
SP-MESH-BLA;Sport;BCN;Barcelone;L;102
SP-MESH-BLA;Sport;BCN;Barcelone;XL;63
SP-MESH-BLA;Sport;BCN;Barcelone;XXL;31
SP-MESH-BLA;Sport;MIL;Milan;XS;18
SP-MESH-BLA;Sport;MIL;Milan;S;50
SP-MESH-BLA;Sport;MIL;Milan;M;88
SP-MESH-BLA;Sport;MIL;Milan;L;82
SP-MESH-BLA;Sport;MIL;Milan;XL;50
SP-MESH-BLA;Sport;MIL;Milan;XXL;25
SP-MESH-NOI;Sport;LIL;Lille;XS;41
SP-MESH-NOI;Sport;LIL;Lille;S;110
SP-MESH-NOI;Sport;LIL;Lille;M;193
SP-MESH-NOI;Sport;LIL;Lille;L;179
SP-MESH-NOI;Sport;LIL;Lille;XL;110
SP-MESH-NOI;Sport;LIL;Lille;XXL;55
SP-MESH-NOI;Sport;LYO;Lyon;XS;36
SP-MESH-NOI;Sport;LYO;Lyon;S;97
SP-MESH-NOI;Sport;LYO;Lyon;M;170
SP-MESH-NOI;Sport;LYO;Lyon;L;158
SP-MESH-NOI;Sport;LYO;Lyon;XL;97
SP-MESH-NOI;Sport;LYO;Lyon;XXL;48
SP-MESH-NOI;Sport;BCN;Barcelone;XS;24
SP-MESH-NOI;Sport;BCN;Barcelone;S;64
SP-MESH-NOI;Sport;BCN;Barcelone;M;113
SP-MESH-NOI;Sport;BCN;Barcelone;L;105
SP-MESH-NOI;Sport;BCN;Barcelone;XL;64
SP-MESH-NOI;Sport;BCN;Barcelone;XXL;32
SP-MESH-NOI;Sport;MIL;Milan;XS;19
SP-MESH-NOI;Sport;MIL;Milan;S;51
SP-MESH-NOI;Sport;MIL;Milan;M;90
SP-MESH-NOI;Sport;MIL;Milan;L;84
SP-MESH-NOI;Sport;MIL;Milan;XL;51
SP-MESH-NOI;Sport;MIL;Milan;XXL;25
SP-MESH-MAR;Sport;LIL;Lille;XS;34
SP-MESH-MAR;Sport;LIL;Lille;S;93
SP-MESH-MAR;Sport;LIL;Lille;M;162
SP-MESH-MAR;Sport;LIL;Lille;L;151
SP-MESH-MAR;Sport;LIL;Lille;XL;93
SP-MESH-MAR;Sport;LIL;Lille;XXL;46
SP-MESH-MAR;Sport;LYO;Lyon;XS;30
SP-MESH-MAR;Sport;LYO;Lyon;S;82
SP-MESH-MAR;Sport;LYO;Lyon;M;143
SP-MESH-MAR;Sport;LYO;Lyon;L;133
SP-MESH-MAR;Sport;LYO;Lyon;XL;82
SP-MESH-MAR;Sport;LYO;Lyon;XXL;41
SP-MESH-MAR;Sport;BCN;Barcelone;XS;20
SP-MESH-MAR;Sport;BCN;Barcelone;S;54
SP-MESH-MAR;Sport;BCN;Barcelone;M;95
SP-MESH-MAR;Sport;BCN;Barcelone;L;88
SP-MESH-MAR;Sport;BCN;Barcelone;XL;54
SP-MESH-MAR;Sport;BCN;Barcelone;XXL;27
SP-MESH-MAR;Sport;MIL;Milan;XS;16
SP-MESH-MAR;Sport;MIL;Milan;S;43
SP-MESH-MAR;Sport;MIL;Milan;M;76
SP-MESH-MAR;Sport;MIL;Milan;L;71
SP-MESH-MAR;Sport;MIL;Milan;XL;43
SP-MESH-MAR;Sport;MIL;Milan;XXL;21
SP-MESH-GRI;Sport;LIL;Lille;XS;13
SP-MESH-GRI;Sport;LIL;Lille;S;34
SP-MESH-GRI;Sport;LIL;Lille;M;60
SP-MESH-GRI;Sport;LIL;Lille;L;56
SP-MESH-GRI;Sport;LIL;Lille;XL;34
SP-MESH-GRI;Sport;LIL;Lille;XXL;17
SP-MESH-GRI;Sport;LYO;Lyon;XS;11
SP-MESH-GRI;Sport;LYO;Lyon;S;30
SP-MESH-GRI;Sport;LYO;Lyon;M;53
SP-MESH-GRI;Sport;LYO;Lyon;L;49
SP-MESH-GRI;Sport;LYO;Lyon;XL;30
SP-MESH-GRI;Sport;LYO;Lyon;XXL;15
SP-MESH-GRI;Sport;BCN;Barcelone;XS;7
SP-MESH-GRI;Sport;BCN;Barcelone;S;20
SP-MESH-GRI;Sport;BCN;Barcelone;M;35
SP-MESH-GRI;Sport;BCN;Barcelone;L;33
SP-MESH-GRI;Sport;BCN;Barcelone;XL;20
SP-MESH-GRI;Sport;BCN;Barcelone;XXL;10
SP-MESH-GRI;Sport;MIL;Milan;XS;6
SP-MESH-GRI;Sport;MIL;Milan;S;16
SP-MESH-GRI;Sport;MIL;Milan;M;28
SP-MESH-GRI;Sport;MIL;Milan;L;26
SP-MESH-GRI;Sport;MIL;Milan;XL;16
SP-MESH-GRI;Sport;MIL;Milan;XXL;8
SP-MESH-ROU;Sport;LIL;Lille;XS;14
SP-MESH-ROU;Sport;LIL;Lille;S;38
SP-MESH-ROU;Sport;LIL;Lille;M;67
SP-MESH-ROU;Sport;LIL;Lille;L;62
SP-MESH-ROU;Sport;LIL;Lille;XL;38
SP-MESH-ROU;Sport;LIL;Lille;XXL;19
SP-MESH-ROU;Sport;LYO;Lyon;XS;12
SP-MESH-ROU;Sport;LYO;Lyon;S;34
SP-MESH-ROU;Sport;LYO;Lyon;M;59
SP-MESH-ROU;Sport;LYO;Lyon;L;55
SP-MESH-ROU;Sport;LYO;Lyon;XL;34
SP-MESH-ROU;Sport;LYO;Lyon;XXL;17
SP-MESH-ROU;Sport;BCN;Barcelone;XS;8
SP-MESH-ROU;Sport;BCN;Barcelone;S;22
SP-MESH-ROU;Sport;BCN;Barcelone;M;39
SP-MESH-ROU;Sport;BCN;Barcelone;L;36
SP-MESH-ROU;Sport;BCN;Barcelone;XL;22
SP-MESH-ROU;Sport;BCN;Barcelone;XXL;11
SP-MESH-ROU;Sport;MIL;Milan;XS;6
SP-MESH-ROU;Sport;MIL;Milan;S;18
SP-MESH-ROU;Sport;MIL;Milan;M;31
SP-MESH-ROU;Sport;MIL;Milan;L;29
SP-MESH-ROU;Sport;MIL;Milan;XL;18
SP-MESH-ROU;Sport;MIL;Milan;XXL;9
SP-MESH-VER;Sport;LIL;Lille;XS;16
SP-MESH-VER;Sport;LIL;Lille;S;42
SP-MESH-VER;Sport;LIL;Lille;M;74
SP-MESH-VER;Sport;LIL;Lille;L;69
SP-MESH-VER;Sport;LIL;Lille;XL;42
SP-MESH-VER;Sport;LIL;Lille;XXL;21
SP-MESH-VER;Sport;LYO;Lyon;XS;14
SP-MESH-VER;Sport;LYO;Lyon;S;37
SP-MESH-VER;Sport;LYO;Lyon;M;65
SP-MESH-VER;Sport;LYO;Lyon;L;61
SP-MESH-VER;Sport;LYO;Lyon;XL;37
SP-MESH-VER;Sport;LYO;Lyon;XXL;18
SP-MESH-VER;Sport;BCN;Barcelone;XS;9
SP-MESH-VER;Sport;BCN;Barcelone;S;25
SP-MESH-VER;Sport;BCN;Barcelone;M;43
SP-MESH-VER;Sport;BCN;Barcelone;L;40
SP-MESH-VER;Sport;BCN;Barcelone;XL;25
SP-MESH-VER;Sport;BCN;Barcelone;XXL;12
SP-MESH-VER;Sport;MIL;Milan;XS;7
SP-MESH-VER;Sport;MIL;Milan;S;20
SP-MESH-VER;Sport;MIL;Milan;M;35
SP-MESH-VER;Sport;MIL;Milan;L;32
SP-MESH-VER;Sport;MIL;Milan;XL;20
SP-MESH-VER;Sport;MIL;Milan;XXL;10
SP-MESH-BLE;Sport;LIL;Lille;XS;16
SP-MESH-BLE;Sport;LIL;Lille;S;43
SP-MESH-BLE;Sport;LIL;Lille;M;75
SP-MESH-BLE;Sport;LIL;Lille;L;69
SP-MESH-BLE;Sport;LIL;Lille;XL;43
SP-MESH-BLE;Sport;LIL;Lille;XXL;21
SP-MESH-BLE;Sport;LYO;Lyon;XS;14
SP-MESH-BLE;Sport;LYO;Lyon;S;37
SP-MESH-BLE;Sport;LYO;Lyon;M;66
SP-MESH-BLE;Sport;LYO;Lyon;L;61
SP-MESH-BLE;Sport;LYO;Lyon;XL;37
SP-MESH-BLE;Sport;LYO;Lyon;XXL;18
SP-MESH-BLE;Sport;BCN;Barcelone;XS;9
SP-MESH-BLE;Sport;BCN;Barcelone;S;25
SP-MESH-BLE;Sport;BCN;Barcelone;M;44
SP-MESH-BLE;Sport;BCN;Barcelone;L;41
SP-MESH-BLE;Sport;BCN;Barcelone;XL;25
SP-MESH-BLE;Sport;BCN;Barcelone;XXL;12
SP-MESH-BLE;Sport;MIL;Milan;XS;7
SP-MESH-BLE;Sport;MIL;Milan;S;20
SP-MESH-BLE;Sport;MIL;Milan;M;35
SP-MESH-BLE;Sport;MIL;Milan;L;32
SP-MESH-BLE;Sport;MIL;Milan;XL;20
SP-MESH-BLE;Sport;MIL;Milan;XXL;10
SP-MESH-SAB;Sport;LIL;Lille;XS;13
SP-MESH-SAB;Sport;LIL;Lille;S;35
SP-MESH-SAB;Sport;LIL;Lille;M;62
SP-MESH-SAB;Sport;LIL;Lille;L;58
SP-MESH-SAB;Sport;LIL;Lille;XL;35
SP-MESH-SAB;Sport;LIL;Lille;XXL;17
SP-MESH-SAB;Sport;LYO;Lyon;XS;11
SP-MESH-SAB;Sport;LYO;Lyon;S;31
SP-MESH-SAB;Sport;LYO;Lyon;M;55
SP-MESH-SAB;Sport;LYO;Lyon;L;51
SP-MESH-SAB;Sport;LYO;Lyon;XL;31
SP-MESH-SAB;Sport;LYO;Lyon;XXL;15
SP-MESH-SAB;Sport;BCN;Barcelone;XS;7
SP-MESH-SAB;Sport;BCN;Barcelone;S;21
SP-MESH-SAB;Sport;BCN;Barcelone;M;36
SP-MESH-SAB;Sport;BCN;Barcelone;L;34
SP-MESH-SAB;Sport;BCN;Barcelone;XL;21
SP-MESH-SAB;Sport;BCN;Barcelone;XXL;10
SP-MESH-SAB;Sport;MIL;Milan;XS;6
SP-MESH-SAB;Sport;MIL;Milan;S;16
SP-MESH-SAB;Sport;MIL;Milan;M;29
SP-MESH-SAB;Sport;MIL;Milan;L;27
SP-MESH-SAB;Sport;MIL;Milan;XL;16
SP-MESH-SAB;Sport;MIL;Milan;XXL;8
SP-SHORT-BLA;Sport;LIL;Lille;XS;38
SP-SHORT-BLA;Sport;LIL;Lille;S;103
SP-SHORT-BLA;Sport;LIL;Lille;M;181
SP-SHORT-BLA;Sport;LIL;Lille;L;168
SP-SHORT-BLA;Sport;LIL;Lille;XL;103
SP-SHORT-BLA;Sport;LIL;Lille;XXL;51
SP-SHORT-BLA;Sport;LYO;Lyon;XS;34
SP-SHORT-BLA;Sport;LYO;Lyon;S;91
SP-SHORT-BLA;Sport;LYO;Lyon;M;160
SP-SHORT-BLA;Sport;LYO;Lyon;L;148
SP-SHORT-BLA;Sport;LYO;Lyon;XL;91
SP-SHORT-BLA;Sport;LYO;Lyon;XXL;45
SP-SHORT-BLA;Sport;BCN;Barcelone;XS;22
SP-SHORT-BLA;Sport;BCN;Barcelone;S;61
SP-SHORT-BLA;Sport;BCN;Barcelone;M;106
SP-SHORT-BLA;Sport;BCN;Barcelone;L;99
SP-SHORT-BLA;Sport;BCN;Barcelone;XL;61
SP-SHORT-BLA;Sport;BCN;Barcelone;XXL;30
SP-SHORT-BLA;Sport;MIL;Milan;XS;18
SP-SHORT-BLA;Sport;MIL;Milan;S;48
SP-SHORT-BLA;Sport;MIL;Milan;M;85
SP-SHORT-BLA;Sport;MIL;Milan;L;79
SP-SHORT-BLA;Sport;MIL;Milan;XL;48
SP-SHORT-BLA;Sport;MIL;Milan;XXL;24
SP-SHORT-NOI;Sport;LIL;Lille;XS;37
SP-SHORT-NOI;Sport;LIL;Lille;S;101
SP-SHORT-NOI;Sport;LIL;Lille;M;177
SP-SHORT-NOI;Sport;LIL;Lille;L;164
SP-SHORT-NOI;Sport;LIL;Lille;XL;101
SP-SHORT-NOI;Sport;LIL;Lille;XXL;50
SP-SHORT-NOI;Sport;LYO;Lyon;XS;33
SP-SHORT-NOI;Sport;LYO;Lyon;S;89
SP-SHORT-NOI;Sport;LYO;Lyon;M;156
SP-SHORT-NOI;Sport;LYO;Lyon;L;145
SP-SHORT-NOI;Sport;LYO;Lyon;XL;89
SP-SHORT-NOI;Sport;LYO;Lyon;XXL;44
SP-SHORT-NOI;Sport;BCN;Barcelone;XS;22
SP-SHORT-NOI;Sport;BCN;Barcelone;S;59
SP-SHORT-NOI;Sport;BCN;Barcelone;M;104
SP-SHORT-NOI;Sport;BCN;Barcelone;L;96
SP-SHORT-NOI;Sport;BCN;Barcelone;XL;59
SP-SHORT-NOI;Sport;BCN;Barcelone;XXL;29
SP-SHORT-NOI;Sport;MIL;Milan;XS;17
SP-SHORT-NOI;Sport;MIL;Milan;S;47
SP-SHORT-NOI;Sport;MIL;Milan;M;83
SP-SHORT-NOI;Sport;MIL;Milan;L;77
SP-SHORT-NOI;Sport;MIL;Milan;XL;47
SP-SHORT-NOI;Sport;MIL;Milan;XXL;23
SP-SHORT-MAR;Sport;LIL;Lille;XS;28
SP-SHORT-MAR;Sport;LIL;Lille;S;76
SP-SHORT-MAR;Sport;LIL;Lille;M;134
SP-SHORT-MAR;Sport;LIL;Lille;L;125
SP-SHORT-MAR;Sport;LIL;Lille;XL;76
SP-SHORT-MAR;Sport;LIL;Lille;XXL;38
SP-SHORT-MAR;Sport;LYO;Lyon;XS;25
SP-SHORT-MAR;Sport;LYO;Lyon;S;67
SP-SHORT-MAR;Sport;LYO;Lyon;M;118
SP-SHORT-MAR;Sport;LYO;Lyon;L;110
SP-SHORT-MAR;Sport;LYO;Lyon;XL;67
SP-SHORT-MAR;Sport;LYO;Lyon;XXL;33
SP-SHORT-MAR;Sport;BCN;Barcelone;XS;16
SP-SHORT-MAR;Sport;BCN;Barcelone;S;45
SP-SHORT-MAR;Sport;BCN;Barcelone;M;79
SP-SHORT-MAR;Sport;BCN;Barcelone;L;73
SP-SHORT-MAR;Sport;BCN;Barcelone;XL;45
SP-SHORT-MAR;Sport;BCN;Barcelone;XXL;22
SP-SHORT-MAR;Sport;MIL;Milan;XS;13
SP-SHORT-MAR;Sport;MIL;Milan;S;36
SP-SHORT-MAR;Sport;MIL;Milan;M;63
SP-SHORT-MAR;Sport;MIL;Milan;L;58
SP-SHORT-MAR;Sport;MIL;Milan;XL;36
SP-SHORT-MAR;Sport;MIL;Milan;XXL;18
SP-SHORT-GRI;Sport;LIL;Lille;XS;16
SP-SHORT-GRI;Sport;LIL;Lille;S;44
SP-SHORT-GRI;Sport;LIL;Lille;M;77
SP-SHORT-GRI;Sport;LIL;Lille;L;71
SP-SHORT-GRI;Sport;LIL;Lille;XL;44
SP-SHORT-GRI;Sport;LIL;Lille;XXL;22
SP-SHORT-GRI;Sport;LYO;Lyon;XS;14
SP-SHORT-GRI;Sport;LYO;Lyon;S;38
SP-SHORT-GRI;Sport;LYO;Lyon;M;68
SP-SHORT-GRI;Sport;LYO;Lyon;L;63
SP-SHORT-GRI;Sport;LYO;Lyon;XL;38
SP-SHORT-GRI;Sport;LYO;Lyon;XXL;19
SP-SHORT-GRI;Sport;BCN;Barcelone;XS;9
SP-SHORT-GRI;Sport;BCN;Barcelone;S;25
SP-SHORT-GRI;Sport;BCN;Barcelone;M;45
SP-SHORT-GRI;Sport;BCN;Barcelone;L;42
SP-SHORT-GRI;Sport;BCN;Barcelone;XL;25
SP-SHORT-GRI;Sport;BCN;Barcelone;XXL;12
SP-SHORT-GRI;Sport;MIL;Milan;XS;7
SP-SHORT-GRI;Sport;MIL;Milan;S;20
SP-SHORT-GRI;Sport;MIL;Milan;M;36
SP-SHORT-GRI;Sport;MIL;Milan;L;33
SP-SHORT-GRI;Sport;MIL;Milan;XL;20
SP-SHORT-GRI;Sport;MIL;Milan;XXL;10
SP-DEB-BLA;Sport;LIL;Lille;XS;41
SP-DEB-BLA;Sport;LIL;Lille;S;110
SP-DEB-BLA;Sport;LIL;Lille;M;193
SP-DEB-BLA;Sport;LIL;Lille;L;179
SP-DEB-BLA;Sport;LIL;Lille;XL;110
SP-DEB-BLA;Sport;LIL;Lille;XXL;55
SP-DEB-BLA;Sport;LYO;Lyon;XS;36
SP-DEB-BLA;Sport;LYO;Lyon;S;97
SP-DEB-BLA;Sport;LYO;Lyon;M;170
SP-DEB-BLA;Sport;LYO;Lyon;L;158
SP-DEB-BLA;Sport;LYO;Lyon;XL;97
SP-DEB-BLA;Sport;LYO;Lyon;XXL;48
SP-DEB-BLA;Sport;BCN;Barcelone;XS;24
SP-DEB-BLA;Sport;BCN;Barcelone;S;65
SP-DEB-BLA;Sport;BCN;Barcelone;M;113
SP-DEB-BLA;Sport;BCN;Barcelone;L;105
SP-DEB-BLA;Sport;BCN;Barcelone;XL;65
SP-DEB-BLA;Sport;BCN;Barcelone;XXL;32
SP-DEB-BLA;Sport;MIL;Milan;XS;19
SP-DEB-BLA;Sport;MIL;Milan;S;52
SP-DEB-BLA;Sport;MIL;Milan;M;91
SP-DEB-BLA;Sport;MIL;Milan;L;84
SP-DEB-BLA;Sport;MIL;Milan;XL;52
SP-DEB-BLA;Sport;MIL;Milan;XXL;26
SP-DEB-NOI;Sport;LIL;Lille;XS;29
SP-DEB-NOI;Sport;LIL;Lille;S;78
SP-DEB-NOI;Sport;LIL;Lille;M;138
SP-DEB-NOI;Sport;LIL;Lille;L;128
SP-DEB-NOI;Sport;LIL;Lille;XL;78
SP-DEB-NOI;Sport;LIL;Lille;XXL;39
SP-DEB-NOI;Sport;LYO;Lyon;XS;26
SP-DEB-NOI;Sport;LYO;Lyon;S;69
SP-DEB-NOI;Sport;LYO;Lyon;M;121
SP-DEB-NOI;Sport;LYO;Lyon;L;113
SP-DEB-NOI;Sport;LYO;Lyon;XL;69
SP-DEB-NOI;Sport;LYO;Lyon;XXL;34
SP-DEB-NOI;Sport;BCN;Barcelone;XS;17
SP-DEB-NOI;Sport;BCN;Barcelone;S;46
SP-DEB-NOI;Sport;BCN;Barcelone;M;81
SP-DEB-NOI;Sport;BCN;Barcelone;L;75
SP-DEB-NOI;Sport;BCN;Barcelone;XL;46
SP-DEB-NOI;Sport;BCN;Barcelone;XXL;23
SP-DEB-NOI;Sport;MIL;Milan;XS;13
SP-DEB-NOI;Sport;MIL;Milan;S;37
SP-DEB-NOI;Sport;MIL;Milan;M;65
SP-DEB-NOI;Sport;MIL;Milan;L;60
SP-DEB-NOI;Sport;MIL;Milan;XL;37
SP-DEB-NOI;Sport;MIL;Milan;XXL;18
SP-DEB-MAR;Sport;LIL;Lille;XS;37
SP-DEB-MAR;Sport;LIL;Lille;S;99
SP-DEB-MAR;Sport;LIL;Lille;M;174
SP-DEB-MAR;Sport;LIL;Lille;L;162
SP-DEB-MAR;Sport;LIL;Lille;XL;99
SP-DEB-MAR;Sport;LIL;Lille;XXL;49
SP-DEB-MAR;Sport;LYO;Lyon;XS;33
SP-DEB-MAR;Sport;LYO;Lyon;S;88
SP-DEB-MAR;Sport;LYO;Lyon;M;154
SP-DEB-MAR;Sport;LYO;Lyon;L;143
SP-DEB-MAR;Sport;LYO;Lyon;XL;88
SP-DEB-MAR;Sport;LYO;Lyon;XXL;44
SP-DEB-MAR;Sport;BCN;Barcelone;XS;22
SP-DEB-MAR;Sport;BCN;Barcelone;S;58
SP-DEB-MAR;Sport;BCN;Barcelone;M;102
SP-DEB-MAR;Sport;BCN;Barcelone;L;95
SP-DEB-MAR;Sport;BCN;Barcelone;XL;58
SP-DEB-MAR;Sport;BCN;Barcelone;XXL;29
SP-DEB-MAR;Sport;MIL;Milan;XS;17
SP-DEB-MAR;Sport;MIL;Milan;S;46
SP-DEB-MAR;Sport;MIL;Milan;M;82
SP-DEB-MAR;Sport;MIL;Milan;L;76
SP-DEB-MAR;Sport;MIL;Milan;XL;46
SP-DEB-MAR;Sport;MIL;Milan;XXL;23
SP-DEB-GRI;Sport;LIL;Lille;XS;13
SP-DEB-GRI;Sport;LIL;Lille;S;35
SP-DEB-GRI;Sport;LIL;Lille;M;61
SP-DEB-GRI;Sport;LIL;Lille;L;57
SP-DEB-GRI;Sport;LIL;Lille;XL;35
SP-DEB-GRI;Sport;LIL;Lille;XXL;17
SP-DEB-GRI;Sport;LYO;Lyon;XS;11
SP-DEB-GRI;Sport;LYO;Lyon;S;31
SP-DEB-GRI;Sport;LYO;Lyon;M;54
SP-DEB-GRI;Sport;LYO;Lyon;L;50
SP-DEB-GRI;Sport;LYO;Lyon;XL;31
SP-DEB-GRI;Sport;LYO;Lyon;XXL;15
SP-DEB-GRI;Sport;BCN;Barcelone;XS;7
SP-DEB-GRI;Sport;BCN;Barcelone;S;20
SP-DEB-GRI;Sport;BCN;Barcelone;M;36
SP-DEB-GRI;Sport;BCN;Barcelone;L;33
SP-DEB-GRI;Sport;BCN;Barcelone;XL;20
SP-DEB-GRI;Sport;BCN;Barcelone;XXL;10
SP-DEB-GRI;Sport;MIL;Milan;XS;6
SP-DEB-GRI;Sport;MIL;Milan;S;16
SP-DEB-GRI;Sport;MIL;Milan;M;29
SP-DEB-GRI;Sport;MIL;Milan;L;26
SP-DEB-GRI;Sport;MIL;Milan;XL;16
SP-DEB-GRI;Sport;MIL;Milan;XXL;8
SP-DEB-ROU;Sport;LIL;Lille;XS;13
SP-DEB-ROU;Sport;LIL;Lille;S;35
SP-DEB-ROU;Sport;LIL;Lille;M;61
SP-DEB-ROU;Sport;LIL;Lille;L;57
SP-DEB-ROU;Sport;LIL;Lille;XL;35
SP-DEB-ROU;Sport;LIL;Lille;XXL;17
SP-DEB-ROU;Sport;LYO;Lyon;XS;11
SP-DEB-ROU;Sport;LYO;Lyon;S;31
SP-DEB-ROU;Sport;LYO;Lyon;M;54
SP-DEB-ROU;Sport;LYO;Lyon;L;50
SP-DEB-ROU;Sport;LYO;Lyon;XL;31
SP-DEB-ROU;Sport;LYO;Lyon;XXL;15
SP-DEB-ROU;Sport;BCN;Barcelone;XS;7
SP-DEB-ROU;Sport;BCN;Barcelone;S;20
SP-DEB-ROU;Sport;BCN;Barcelone;M;36
SP-DEB-ROU;Sport;BCN;Barcelone;L;33
SP-DEB-ROU;Sport;BCN;Barcelone;XL;20
SP-DEB-ROU;Sport;BCN;Barcelone;XXL;10
SP-DEB-ROU;Sport;MIL;Milan;XS;6
SP-DEB-ROU;Sport;MIL;Milan;S;16
SP-DEB-ROU;Sport;MIL;Milan;M;28
SP-DEB-ROU;Sport;MIL;Milan;L;26
SP-DEB-ROU;Sport;MIL;Milan;XL;16
SP-DEB-ROU;Sport;MIL;Milan;XXL;8
SP-DEB-VER;Sport;LIL;Lille;XS;14
SP-DEB-VER;Sport;LIL;Lille;S;38
SP-DEB-VER;Sport;LIL;Lille;M;66
SP-DEB-VER;Sport;LIL;Lille;L;62
SP-DEB-VER;Sport;LIL;Lille;XL;38
SP-DEB-VER;Sport;LIL;Lille;XXL;19
SP-DEB-VER;Sport;LYO;Lyon;XS;12
SP-DEB-VER;Sport;LYO;Lyon;S;33
SP-DEB-VER;Sport;LYO;Lyon;M;59
SP-DEB-VER;Sport;LYO;Lyon;L;54
SP-DEB-VER;Sport;LYO;Lyon;XL;33
SP-DEB-VER;Sport;LYO;Lyon;XXL;16
SP-DEB-VER;Sport;BCN;Barcelone;XS;8
SP-DEB-VER;Sport;BCN;Barcelone;S;22
SP-DEB-VER;Sport;BCN;Barcelone;M;39
SP-DEB-VER;Sport;BCN;Barcelone;L;36
SP-DEB-VER;Sport;BCN;Barcelone;XL;22
SP-DEB-VER;Sport;BCN;Barcelone;XXL;11
SP-DEB-VER;Sport;MIL;Milan;XS;6
SP-DEB-VER;Sport;MIL;Milan;S;17
SP-DEB-VER;Sport;MIL;Milan;M;31
SP-DEB-VER;Sport;MIL;Milan;L;29
SP-DEB-VER;Sport;MIL;Milan;XL;17
SP-DEB-VER;Sport;MIL;Milan;XXL;8
SP-DEB-BLE;Sport;LIL;Lille;XS;15
SP-DEB-BLE;Sport;LIL;Lille;S;40
SP-DEB-BLE;Sport;LIL;Lille;M;70
SP-DEB-BLE;Sport;LIL;Lille;L;65
SP-DEB-BLE;Sport;LIL;Lille;XL;40
SP-DEB-BLE;Sport;LIL;Lille;XXL;20
SP-DEB-BLE;Sport;LYO;Lyon;XS;13
SP-DEB-BLE;Sport;LYO;Lyon;S;35
SP-DEB-BLE;Sport;LYO;Lyon;M;62
SP-DEB-BLE;Sport;LYO;Lyon;L;57
SP-DEB-BLE;Sport;LYO;Lyon;XL;35
SP-DEB-BLE;Sport;LYO;Lyon;XXL;17
SP-DEB-BLE;Sport;BCN;Barcelone;XS;8
SP-DEB-BLE;Sport;BCN;Barcelone;S;23
SP-DEB-BLE;Sport;BCN;Barcelone;M;41
SP-DEB-BLE;Sport;BCN;Barcelone;L;38
SP-DEB-BLE;Sport;BCN;Barcelone;XL;23
SP-DEB-BLE;Sport;BCN;Barcelone;XXL;11
SP-DEB-BLE;Sport;MIL;Milan;XS;7
SP-DEB-BLE;Sport;MIL;Milan;S;19
SP-DEB-BLE;Sport;MIL;Milan;M;33
SP-DEB-BLE;Sport;MIL;Milan;L;30
SP-DEB-BLE;Sport;MIL;Milan;XL;19
SP-DEB-BLE;Sport;MIL;Milan;XXL;9
SP-DEB-SAB;Sport;LIL;Lille;XS;16
SP-DEB-SAB;Sport;LIL;Lille;S;44
SP-DEB-SAB;Sport;LIL;Lille;M;78
SP-DEB-SAB;Sport;LIL;Lille;L;72
SP-DEB-SAB;Sport;LIL;Lille;XL;44
SP-DEB-SAB;Sport;LIL;Lille;XXL;22
SP-DEB-SAB;Sport;LYO;Lyon;XS;14
SP-DEB-SAB;Sport;LYO;Lyon;S;39
SP-DEB-SAB;Sport;LYO;Lyon;M;69
SP-DEB-SAB;Sport;LYO;Lyon;L;64
SP-DEB-SAB;Sport;LYO;Lyon;XL;39
SP-DEB-SAB;Sport;LYO;Lyon;XXL;19
SP-DEB-SAB;Sport;BCN;Barcelone;XS;9
SP-DEB-SAB;Sport;BCN;Barcelone;S;26
SP-DEB-SAB;Sport;BCN;Barcelone;M;46
SP-DEB-SAB;Sport;BCN;Barcelone;L;42
SP-DEB-SAB;Sport;BCN;Barcelone;XL;26
SP-DEB-SAB;Sport;BCN;Barcelone;XXL;13
SP-DEB-SAB;Sport;MIL;Milan;XS;7
SP-DEB-SAB;Sport;MIL;Milan;S;21
SP-DEB-SAB;Sport;MIL;Milan;M;36
SP-DEB-SAB;Sport;MIL;Milan;L;34
SP-DEB-SAB;Sport;MIL;Milan;XL;21
SP-DEB-SAB;Sport;MIL;Milan;XXL;10
SW-280-BLA;Sweats;LIL;Lille;XS;17
SW-280-BLA;Sweats;LIL;Lille;S;46
SW-280-BLA;Sweats;LIL;Lille;M;81
SW-280-BLA;Sweats;LIL;Lille;L;75
SW-280-BLA;Sweats;LIL;Lille;XL;46
SW-280-BLA;Sweats;LIL;Lille;XXL;23
SW-280-BLA;Sweats;LYO;Lyon;XS;15
SW-280-BLA;Sweats;LYO;Lyon;S;41
SW-280-BLA;Sweats;LYO;Lyon;M;71
SW-280-BLA;Sweats;LYO;Lyon;L;66
SW-280-BLA;Sweats;LYO;Lyon;XL;41
SW-280-BLA;Sweats;LYO;Lyon;XXL;20
SW-280-BLA;Sweats;BCN;Barcelone;XS;10
SW-280-BLA;Sweats;BCN;Barcelone;S;27
SW-280-BLA;Sweats;BCN;Barcelone;M;47
SW-280-BLA;Sweats;BCN;Barcelone;L;44
SW-280-BLA;Sweats;BCN;Barcelone;XL;27
SW-280-BLA;Sweats;BCN;Barcelone;XXL;13
SW-280-BLA;Sweats;MIL;Milan;XS;8
SW-280-BLA;Sweats;MIL;Milan;S;21
SW-280-BLA;Sweats;MIL;Milan;M;38
SW-280-BLA;Sweats;MIL;Milan;L;35
SW-280-BLA;Sweats;MIL;Milan;XL;21
SW-280-BLA;Sweats;MIL;Milan;XXL;10
SW-280-NOI;Sweats;LIL;Lille;XS;12
SW-280-NOI;Sweats;LIL;Lille;S;33
SW-280-NOI;Sweats;LIL;Lille;M;58
SW-280-NOI;Sweats;LIL;Lille;L;54
SW-280-NOI;Sweats;LIL;Lille;XL;33
SW-280-NOI;Sweats;LIL;Lille;XXL;16
SW-280-NOI;Sweats;LYO;Lyon;XS;11
SW-280-NOI;Sweats;LYO;Lyon;S;29
SW-280-NOI;Sweats;LYO;Lyon;M;51
SW-280-NOI;Sweats;LYO;Lyon;L;48
SW-280-NOI;Sweats;LYO;Lyon;XL;29
SW-280-NOI;Sweats;LYO;Lyon;XXL;14
SW-280-NOI;Sweats;BCN;Barcelone;XS;7
SW-280-NOI;Sweats;BCN;Barcelone;S;19
SW-280-NOI;Sweats;BCN;Barcelone;M;34
SW-280-NOI;Sweats;BCN;Barcelone;L;32
SW-280-NOI;Sweats;BCN;Barcelone;XL;19
SW-280-NOI;Sweats;BCN;Barcelone;XXL;9
SW-280-NOI;Sweats;MIL;Milan;XS;5
SW-280-NOI;Sweats;MIL;Milan;S;15
SW-280-NOI;Sweats;MIL;Milan;M;27
SW-280-NOI;Sweats;MIL;Milan;L;25
SW-280-NOI;Sweats;MIL;Milan;XL;15
SW-280-NOI;Sweats;MIL;Milan;XXL;7
SW-280-MAR;Sweats;LIL;Lille;XS;17
SW-280-MAR;Sweats;LIL;Lille;S;46
SW-280-MAR;Sweats;LIL;Lille;M;80
SW-280-MAR;Sweats;LIL;Lille;L;74
SW-280-MAR;Sweats;LIL;Lille;XL;46
SW-280-MAR;Sweats;LIL;Lille;XXL;23
SW-280-MAR;Sweats;LYO;Lyon;XS;15
SW-280-MAR;Sweats;LYO;Lyon;S;40
SW-280-MAR;Sweats;LYO;Lyon;M;71
SW-280-MAR;Sweats;LYO;Lyon;L;66
SW-280-MAR;Sweats;LYO;Lyon;XL;40
SW-280-MAR;Sweats;LYO;Lyon;XXL;20
SW-280-MAR;Sweats;BCN;Barcelone;XS;10
SW-280-MAR;Sweats;BCN;Barcelone;S;27
SW-280-MAR;Sweats;BCN;Barcelone;M;47
SW-280-MAR;Sweats;BCN;Barcelone;L;44
SW-280-MAR;Sweats;BCN;Barcelone;XL;27
SW-280-MAR;Sweats;BCN;Barcelone;XXL;13
SW-280-MAR;Sweats;MIL;Milan;XS;8
SW-280-MAR;Sweats;MIL;Milan;S;21
SW-280-MAR;Sweats;MIL;Milan;M;37
SW-280-MAR;Sweats;MIL;Milan;L;35
SW-280-MAR;Sweats;MIL;Milan;XL;21
SW-280-MAR;Sweats;MIL;Milan;XXL;10
SW-280-GRI;Sweats;LIL;Lille;XS;8
SW-280-GRI;Sweats;LIL;Lille;S;22
SW-280-GRI;Sweats;LIL;Lille;M;39
SW-280-GRI;Sweats;LIL;Lille;L;36
SW-280-GRI;Sweats;LIL;Lille;XL;22
SW-280-GRI;Sweats;LIL;Lille;XXL;11
SW-280-GRI;Sweats;LYO;Lyon;XS;7
SW-280-GRI;Sweats;LYO;Lyon;S;20
SW-280-GRI;Sweats;LYO;Lyon;M;35
SW-280-GRI;Sweats;LYO;Lyon;L;32
SW-280-GRI;Sweats;LYO;Lyon;XL;20
SW-280-GRI;Sweats;LYO;Lyon;XXL;10
SW-280-GRI;Sweats;BCN;Barcelone;XS;5
SW-280-GRI;Sweats;BCN;Barcelone;S;13
SW-280-GRI;Sweats;BCN;Barcelone;M;23
SW-280-GRI;Sweats;BCN;Barcelone;L;21
SW-280-GRI;Sweats;BCN;Barcelone;XL;13
SW-280-GRI;Sweats;BCN;Barcelone;XXL;6
SW-280-GRI;Sweats;MIL;Milan;XS;4
SW-280-GRI;Sweats;MIL;Milan;S;10
SW-280-GRI;Sweats;MIL;Milan;M;18
SW-280-GRI;Sweats;MIL;Milan;L;17
SW-280-GRI;Sweats;MIL;Milan;XL;10
SW-280-GRI;Sweats;MIL;Milan;XXL;5
SW-CAP-BLA;Sweats;LIL;Lille;XS;16
SW-CAP-BLA;Sweats;LIL;Lille;S;44
SW-CAP-BLA;Sweats;LIL;Lille;M;78
SW-CAP-BLA;Sweats;LIL;Lille;L;72
SW-CAP-BLA;Sweats;LIL;Lille;XL;44
SW-CAP-BLA;Sweats;LIL;Lille;XXL;22
SW-CAP-BLA;Sweats;LYO;Lyon;XS;14
SW-CAP-BLA;Sweats;LYO;Lyon;S;39
SW-CAP-BLA;Sweats;LYO;Lyon;M;69
SW-CAP-BLA;Sweats;LYO;Lyon;L;64
SW-CAP-BLA;Sweats;LYO;Lyon;XL;39
SW-CAP-BLA;Sweats;LYO;Lyon;XXL;19
SW-CAP-BLA;Sweats;BCN;Barcelone;XS;9
SW-CAP-BLA;Sweats;BCN;Barcelone;S;26
SW-CAP-BLA;Sweats;BCN;Barcelone;M;46
SW-CAP-BLA;Sweats;BCN;Barcelone;L;42
SW-CAP-BLA;Sweats;BCN;Barcelone;XL;26
SW-CAP-BLA;Sweats;BCN;Barcelone;XXL;13
SW-CAP-BLA;Sweats;MIL;Milan;XS;7
SW-CAP-BLA;Sweats;MIL;Milan;S;21
SW-CAP-BLA;Sweats;MIL;Milan;M;36
SW-CAP-BLA;Sweats;MIL;Milan;L;34
SW-CAP-BLA;Sweats;MIL;Milan;XL;21
SW-CAP-BLA;Sweats;MIL;Milan;XXL;10
SW-CAP-NOI;Sweats;LIL;Lille;XS;16
SW-CAP-NOI;Sweats;LIL;Lille;S;44
SW-CAP-NOI;Sweats;LIL;Lille;M;77
SW-CAP-NOI;Sweats;LIL;Lille;L;72
SW-CAP-NOI;Sweats;LIL;Lille;XL;44
SW-CAP-NOI;Sweats;LIL;Lille;XXL;22
SW-CAP-NOI;Sweats;LYO;Lyon;XS;14
SW-CAP-NOI;Sweats;LYO;Lyon;S;39
SW-CAP-NOI;Sweats;LYO;Lyon;M;68
SW-CAP-NOI;Sweats;LYO;Lyon;L;63
SW-CAP-NOI;Sweats;LYO;Lyon;XL;39
SW-CAP-NOI;Sweats;LYO;Lyon;XXL;19
SW-CAP-NOI;Sweats;BCN;Barcelone;XS;9
SW-CAP-NOI;Sweats;BCN;Barcelone;S;26
SW-CAP-NOI;Sweats;BCN;Barcelone;M;45
SW-CAP-NOI;Sweats;BCN;Barcelone;L;42
SW-CAP-NOI;Sweats;BCN;Barcelone;XL;26
SW-CAP-NOI;Sweats;BCN;Barcelone;XXL;13
SW-CAP-NOI;Sweats;MIL;Milan;XS;7
SW-CAP-NOI;Sweats;MIL;Milan;S;20
SW-CAP-NOI;Sweats;MIL;Milan;M;36
SW-CAP-NOI;Sweats;MIL;Milan;L;34
SW-CAP-NOI;Sweats;MIL;Milan;XL;20
SW-CAP-NOI;Sweats;MIL;Milan;XXL;10
SW-CAP-MAR;Sweats;LIL;Lille;XS;15
SW-CAP-MAR;Sweats;LIL;Lille;S;40
SW-CAP-MAR;Sweats;LIL;Lille;M;70
SW-CAP-MAR;Sweats;LIL;Lille;L;65
SW-CAP-MAR;Sweats;LIL;Lille;XL;40
SW-CAP-MAR;Sweats;LIL;Lille;XXL;20
SW-CAP-MAR;Sweats;LYO;Lyon;XS;13
SW-CAP-MAR;Sweats;LYO;Lyon;S;35
SW-CAP-MAR;Sweats;LYO;Lyon;M;61
SW-CAP-MAR;Sweats;LYO;Lyon;L;57
SW-CAP-MAR;Sweats;LYO;Lyon;XL;35
SW-CAP-MAR;Sweats;LYO;Lyon;XXL;17
SW-CAP-MAR;Sweats;BCN;Barcelone;XS;8
SW-CAP-MAR;Sweats;BCN;Barcelone;S;23
SW-CAP-MAR;Sweats;BCN;Barcelone;M;41
SW-CAP-MAR;Sweats;BCN;Barcelone;L;38
SW-CAP-MAR;Sweats;BCN;Barcelone;XL;23
SW-CAP-MAR;Sweats;BCN;Barcelone;XXL;11
SW-CAP-MAR;Sweats;MIL;Milan;XS;7
SW-CAP-MAR;Sweats;MIL;Milan;S;18
SW-CAP-MAR;Sweats;MIL;Milan;M;33
SW-CAP-MAR;Sweats;MIL;Milan;L;30
SW-CAP-MAR;Sweats;MIL;Milan;XL;18
SW-CAP-MAR;Sweats;MIL;Milan;XXL;9
SW-CAP-GRI;Sweats;LIL;Lille;XS;8
SW-CAP-GRI;Sweats;LIL;Lille;S;23
SW-CAP-GRI;Sweats;LIL;Lille;M;41
SW-CAP-GRI;Sweats;LIL;Lille;L;38
SW-CAP-GRI;Sweats;LIL;Lille;XL;23
SW-CAP-GRI;Sweats;LIL;Lille;XXL;11
SW-CAP-GRI;Sweats;LYO;Lyon;XS;7
SW-CAP-GRI;Sweats;LYO;Lyon;S;21
SW-CAP-GRI;Sweats;LYO;Lyon;M;36
SW-CAP-GRI;Sweats;LYO;Lyon;L;34
SW-CAP-GRI;Sweats;LYO;Lyon;XL;21
SW-CAP-GRI;Sweats;LYO;Lyon;XXL;10
SW-CAP-GRI;Sweats;BCN;Barcelone;XS;5
SW-CAP-GRI;Sweats;BCN;Barcelone;S;14
SW-CAP-GRI;Sweats;BCN;Barcelone;M;24
SW-CAP-GRI;Sweats;BCN;Barcelone;L;22
SW-CAP-GRI;Sweats;BCN;Barcelone;XL;14
SW-CAP-GRI;Sweats;BCN;Barcelone;XXL;7
SW-CAP-GRI;Sweats;MIL;Milan;XS;4
SW-CAP-GRI;Sweats;MIL;Milan;S;11
SW-CAP-GRI;Sweats;MIL;Milan;M;19
SW-CAP-GRI;Sweats;MIL;Milan;L;18
SW-CAP-GRI;Sweats;MIL;Milan;XL;11
SW-CAP-GRI;Sweats;MIL;Milan;XXL;5
SW-CAP-ROU;Sweats;LIL;Lille;XS;7
SW-CAP-ROU;Sweats;LIL;Lille;S;19
SW-CAP-ROU;Sweats;LIL;Lille;M;34
SW-CAP-ROU;Sweats;LIL;Lille;L;32
SW-CAP-ROU;Sweats;LIL;Lille;XL;19
SW-CAP-ROU;Sweats;LIL;Lille;XXL;9
SW-CAP-ROU;Sweats;LYO;Lyon;XS;6
SW-CAP-ROU;Sweats;LYO;Lyon;S;17
SW-CAP-ROU;Sweats;LYO;Lyon;M;30
SW-CAP-ROU;Sweats;LYO;Lyon;L;28
SW-CAP-ROU;Sweats;LYO;Lyon;XL;17
SW-CAP-ROU;Sweats;LYO;Lyon;XXL;8
SW-CAP-ROU;Sweats;BCN;Barcelone;XS;4
SW-CAP-ROU;Sweats;BCN;Barcelone;S;11
SW-CAP-ROU;Sweats;BCN;Barcelone;M;20
SW-CAP-ROU;Sweats;BCN;Barcelone;L;19
SW-CAP-ROU;Sweats;BCN;Barcelone;XL;11
SW-CAP-ROU;Sweats;BCN;Barcelone;XXL;5
SW-CAP-ROU;Sweats;MIL;Milan;XS;3
SW-CAP-ROU;Sweats;MIL;Milan;S;9
SW-CAP-ROU;Sweats;MIL;Milan;M;16
SW-CAP-ROU;Sweats;MIL;Milan;L;15
SW-CAP-ROU;Sweats;MIL;Milan;XL;9
SW-CAP-ROU;Sweats;MIL;Milan;XXL;4
SW-CAP-VER;Sweats;LIL;Lille;XS;7
SW-CAP-VER;Sweats;LIL;Lille;S;19
SW-CAP-VER;Sweats;LIL;Lille;M;34
SW-CAP-VER;Sweats;LIL;Lille;L;32
SW-CAP-VER;Sweats;LIL;Lille;XL;19
SW-CAP-VER;Sweats;LIL;Lille;XXL;9
SW-CAP-VER;Sweats;LYO;Lyon;XS;6
SW-CAP-VER;Sweats;LYO;Lyon;S;17
SW-CAP-VER;Sweats;LYO;Lyon;M;30
SW-CAP-VER;Sweats;LYO;Lyon;L;28
SW-CAP-VER;Sweats;LYO;Lyon;XL;17
SW-CAP-VER;Sweats;LYO;Lyon;XXL;8
SW-CAP-VER;Sweats;BCN;Barcelone;XS;4
SW-CAP-VER;Sweats;BCN;Barcelone;S;11
SW-CAP-VER;Sweats;BCN;Barcelone;M;20
SW-CAP-VER;Sweats;BCN;Barcelone;L;18
SW-CAP-VER;Sweats;BCN;Barcelone;XL;11
SW-CAP-VER;Sweats;BCN;Barcelone;XXL;5
SW-CAP-VER;Sweats;MIL;Milan;XS;3
SW-CAP-VER;Sweats;MIL;Milan;S;9
SW-CAP-VER;Sweats;MIL;Milan;M;16
SW-CAP-VER;Sweats;MIL;Milan;L;15
SW-CAP-VER;Sweats;MIL;Milan;XL;9
SW-CAP-VER;Sweats;MIL;Milan;XXL;4
SW-CAP-BLE;Sweats;LIL;Lille;XS;9
SW-CAP-BLE;Sweats;LIL;Lille;S;25
SW-CAP-BLE;Sweats;LIL;Lille;M;45
SW-CAP-BLE;Sweats;LIL;Lille;L;41
SW-CAP-BLE;Sweats;LIL;Lille;XL;25
SW-CAP-BLE;Sweats;LIL;Lille;XXL;12
SW-CAP-BLE;Sweats;LYO;Lyon;XS;8
SW-CAP-BLE;Sweats;LYO;Lyon;S;22
SW-CAP-BLE;Sweats;LYO;Lyon;M;39
SW-CAP-BLE;Sweats;LYO;Lyon;L;36
SW-CAP-BLE;Sweats;LYO;Lyon;XL;22
SW-CAP-BLE;Sweats;LYO;Lyon;XXL;11
SW-CAP-BLE;Sweats;BCN;Barcelone;XS;5
SW-CAP-BLE;Sweats;BCN;Barcelone;S;15
SW-CAP-BLE;Sweats;BCN;Barcelone;M;26
SW-CAP-BLE;Sweats;BCN;Barcelone;L;24
SW-CAP-BLE;Sweats;BCN;Barcelone;XL;15
SW-CAP-BLE;Sweats;BCN;Barcelone;XXL;7
SW-CAP-BLE;Sweats;MIL;Milan;XS;4
SW-CAP-BLE;Sweats;MIL;Milan;S;12
SW-CAP-BLE;Sweats;MIL;Milan;M;21
SW-CAP-BLE;Sweats;MIL;Milan;L;19
SW-CAP-BLE;Sweats;MIL;Milan;XL;12
SW-CAP-BLE;Sweats;MIL;Milan;XXL;6
SW-CAP-SAB;Sweats;LIL;Lille;XS;6
SW-CAP-SAB;Sweats;LIL;Lille;S;16
SW-CAP-SAB;Sweats;LIL;Lille;M;28
SW-CAP-SAB;Sweats;LIL;Lille;L;26
SW-CAP-SAB;Sweats;LIL;Lille;XL;16
SW-CAP-SAB;Sweats;LIL;Lille;XXL;8
SW-CAP-SAB;Sweats;LYO;Lyon;XS;5
SW-CAP-SAB;Sweats;LYO;Lyon;S;14
SW-CAP-SAB;Sweats;LYO;Lyon;M;24
SW-CAP-SAB;Sweats;LYO;Lyon;L;23
SW-CAP-SAB;Sweats;LYO;Lyon;XL;14
SW-CAP-SAB;Sweats;LYO;Lyon;XXL;7
SW-CAP-SAB;Sweats;BCN;Barcelone;XS;3
SW-CAP-SAB;Sweats;BCN;Barcelone;S;9
SW-CAP-SAB;Sweats;BCN;Barcelone;M;16
SW-CAP-SAB;Sweats;BCN;Barcelone;L;15
SW-CAP-SAB;Sweats;BCN;Barcelone;XL;9
SW-CAP-SAB;Sweats;BCN;Barcelone;XXL;4
SW-CAP-SAB;Sweats;MIL;Milan;XS;2
SW-CAP-SAB;Sweats;MIL;Milan;S;7
SW-CAP-SAB;Sweats;MIL;Milan;M;13
SW-CAP-SAB;Sweats;MIL;Milan;L;12
SW-CAP-SAB;Sweats;MIL;Milan;XL;7
SW-CAP-SAB;Sweats;MIL;Milan;XXL;3
CA-5P-BLA;Accessoires;LIL;Lille;TU;385
CA-5P-BLA;Accessoires;LYO;Lyon;TU;340
CA-5P-BLA;Accessoires;BCN;Barcelone;TU;226
CA-5P-BLA;Accessoires;MIL;Milan;TU;181
CA-5P-NOI;Accessoires;LIL;Lille;TU;375
CA-5P-NOI;Accessoires;LYO;Lyon;TU;331
CA-5P-NOI;Accessoires;BCN;Barcelone;TU;220
CA-5P-NOI;Accessoires;MIL;Milan;TU;176
CA-5P-MAR;Accessoires;LIL;Lille;TU;441
CA-5P-MAR;Accessoires;LYO;Lyon;TU;389
CA-5P-MAR;Accessoires;BCN;Barcelone;TU;259
CA-5P-MAR;Accessoires;MIL;Milan;TU;207
CA-5P-GRI;Accessoires;LIL;Lille;TU;146
CA-5P-GRI;Accessoires;LYO;Lyon;TU;129
CA-5P-GRI;Accessoires;BCN;Barcelone;TU;86
CA-5P-GRI;Accessoires;MIL;Milan;TU;69
CA-5P-ROU;Accessoires;LIL;Lille;TU;200
CA-5P-ROU;Accessoires;LYO;Lyon;TU;177
CA-5P-ROU;Accessoires;BCN;Barcelone;TU;118
CA-5P-ROU;Accessoires;MIL;Milan;TU;94
CA-5P-VER;Accessoires;LIL;Lille;TU;191
CA-5P-VER;Accessoires;LYO;Lyon;TU;168
CA-5P-VER;Accessoires;BCN;Barcelone;TU;112
CA-5P-VER;Accessoires;MIL;Milan;TU;90
CA-5P-BLE;Accessoires;LIL;Lille;TU;191
CA-5P-BLE;Accessoires;LYO;Lyon;TU;169
CA-5P-BLE;Accessoires;BCN;Barcelone;TU;112
CA-5P-BLE;Accessoires;MIL;Milan;TU;90
CA-5P-SAB;Accessoires;LIL;Lille;TU;174
CA-5P-SAB;Accessoires;LYO;Lyon;TU;153
CA-5P-SAB;Accessoires;BCN;Barcelone;TU;102
CA-5P-SAB;Accessoires;MIL;Milan;TU;82
TB-COT-BLA;Accessoires;LIL;Lille;TU;264
TB-COT-BLA;Accessoires;LYO;Lyon;TU;233
TB-COT-BLA;Accessoires;BCN;Barcelone;TU;155
TB-COT-BLA;Accessoires;MIL;Milan;TU;124
TB-COT-NOI;Accessoires;LIL;Lille;TU;402
TB-COT-NOI;Accessoires;LYO;Lyon;TU;354
TB-COT-NOI;Accessoires;BCN;Barcelone;TU;236
TB-COT-NOI;Accessoires;MIL;Milan;TU;189
TB-COT-MAR;Accessoires;LIL;Lille;TU;373
TB-COT-MAR;Accessoires;LYO;Lyon;TU;329
TB-COT-MAR;Accessoires;BCN;Barcelone;TU;219
TB-COT-MAR;Accessoires;MIL;Milan;TU;175
TB-COT-GRI;Accessoires;LIL;Lille;TU;186
TB-COT-GRI;Accessoires;LYO;Lyon;TU;164
TB-COT-GRI;Accessoires;BCN;Barcelone;TU;109
TB-COT-GRI;Accessoires;MIL;Milan;TU;87
